District,State,Reference_Year,Food_Insecurity_Percent,Child_Stunting_Percent,Child_Wasting_Percent,Anaemia_Percent,Poverty_Percent,Nutrition_Score,Dataset_Status
AP_District_01,Andhra Pradesh,2019,18.48,30.96,9.99,52.38,19.38,58.88,Synthetic data for visualization practice
AP_District_01,Andhra Pradesh,2020,15.98,28.54,12.89,52.19,17.14,61.25,Synthetic data for visualization practice
AP_District_01,Andhra Pradesh,2021,18.48,30.52,14.85,44.41,22.53,58.84,Synthetic data for visualization practice
AP_District_02,Andhra Pradesh,2019,21.24,37.52,10.43,45.94,25.67,54.23,Synthetic data for visualization practice
AP_District_02,Andhra Pradesh,2020,22.15,34.87,14.38,59.72,27.59,51.57,Synthetic data for visualization practice
AP_District_02,Andhra Pradesh,2021,26.16,35.35,11.27,62.85,32.2,48.59,Synthetic data for visualization practice
AP_District_03,Andhra Pradesh,2019,17.99,34.59,16.65,61.49,24.78,54.09,Synthetic data for visualization practice
AP_District_03,Andhra Pradesh,2020,14.1,32.74,13.67,45.58,14.14,61.42,Synthetic data for visualization practice
AP_District_03,Andhra Pradesh,2021,21.48,34.17,15.92,54.67,23.17,52.76,Synthetic data for visualization practice
AP_District_04,Andhra Pradesh,2019,15.23,30.42,16.0,44.41,18.16,61.14,Synthetic data for visualization practice
AP_District_04,Andhra Pradesh,2020,9.3,27.25,9.53,46.12,15.3,69.16,Synthetic data for visualization practice
AP_District_04,Andhra Pradesh,2021,21.08,34.52,14.52,59.06,29.1,52.66,Synthetic data for visualization practice
AP_District_05,Andhra Pradesh,2019,14.35,34.07,14.57,44.34,14.28,60.47,Synthetic data for visualization practice
AP_District_05,Andhra Pradesh,2020,16.79,36.88,16.76,54.36,23.71,54.95,Synthetic data for visualization practice
AP_District_05,Andhra Pradesh,2021,17.5,34.34,13.45,54.55,20.22,56.62,Synthetic data for visualization practice
AP_District_06,Andhra Pradesh,2019,14.13,25.0,10.87,42.04,16.33,66.63,Synthetic data for visualization practice
AP_District_06,Andhra Pradesh,2020,26.38,42.21,12.53,62.77,25.37,44.62,Synthetic data for visualization practice
AP_District_06,Andhra Pradesh,2021,22.25,34.64,10.54,57.8,30.22,53.05,Synthetic data for visualization practice
AP_District_07,Andhra Pradesh,2019,15.96,32.95,16.55,48.45,24.8,58.53,Synthetic data for visualization practice
AP_District_07,Andhra Pradesh,2020,9.02,25.9,10.8,40.11,15.44,70.57,Synthetic data for visualization practice
AP_District_07,Andhra Pradesh,2021,20.26,28.84,13.68,60.53,26.57,56.18,Synthetic data for visualization practice
AP_District_08,Andhra Pradesh,2019,22.58,29.77,15.73,57.41,24.95,53.72,Synthetic data for visualization practice
AP_District_08,Andhra Pradesh,2020,20.72,30.27,16.45,58.23,22.57,54.62,Synthetic data for visualization practice
AP_District_08,Andhra Pradesh,2021,13.56,17.27,11.85,55.94,5.44,68.57,Synthetic data for visualization practice
AP_District_09,Andhra Pradesh,2019,9.01,31.06,7.45,53.5,9.62,67.0,Synthetic data for visualization practice
AP_District_09,Andhra Pradesh,2020,14.15,27.45,10.99,55.53,19.5,63.33,Synthetic data for visualization practice
AP_District_09,Andhra Pradesh,2021,15.6,28.96,11.74,58.61,25.01,60.73,Synthetic data for visualization practice
AP_District_10,Andhra Pradesh,2019,24.27,30.7,14.38,53.77,31.59,52.85,Synthetic data for visualization practice
AP_District_10,Andhra Pradesh,2020,13.57,24.55,7.94,48.92,11.44,67.14,Synthetic data for visualization practice
AP_District_10,Andhra Pradesh,2021,9.0,23.31,10.07,57.85,7.74,69.44,Synthetic data for visualization practice
AP_District_11,Andhra Pradesh,2019,16.09,28.24,14.56,47.34,26.22,61.54,Synthetic data for visualization practice
AP_District_11,Andhra Pradesh,2020,20.37,32.06,13.63,56.06,30.86,55.18,Synthetic data for visualization practice
AP_District_11,Andhra Pradesh,2021,17.2,30.51,12.46,55.6,20.02,58.9,Synthetic data for visualization practice
AP_District_12,Andhra Pradesh,2019,16.87,34.46,13.63,51.43,20.29,57.47,Synthetic data for visualization practice
AP_District_12,Andhra Pradesh,2020,23.99,29.83,17.92,48.13,21.64,53.29,Synthetic data for visualization practice
AP_District_12,Andhra Pradesh,2021,24.06,37.19,16.44,54.84,22.43,49.0,Synthetic data for visualization practice
AP_District_13,Andhra Pradesh,2019,15.56,29.4,14.39,48.28,19.84,61.3,Synthetic data for visualization practice
AP_District_13,Andhra Pradesh,2020,11.7,30.0,14.29,50.76,15.97,63.74,Synthetic data for visualization practice
AP_District_13,Andhra Pradesh,2021,22.86,36.14,16.48,56.4,28.37,50.23,Synthetic data for visualization practice
AP_District_14,Andhra Pradesh,2019,28.39,34.95,18.18,61.71,41.35,45.1,Synthetic data for visualization practice
AP_District_14,Andhra Pradesh,2020,19.18,32.17,12.02,60.41,16.02,55.9,Synthetic data for visualization practice
AP_District_14,Andhra Pradesh,2021,19.84,40.02,16.61,54.84,30.23,50.91,Synthetic data for visualization practice
AP_District_15,Andhra Pradesh,2019,21.82,31.36,16.91,58.56,27.09,53.01,Synthetic data for visualization practice
AP_District_15,Andhra Pradesh,2020,18.98,32.96,14.57,47.67,26.08,56.82,Synthetic data for visualization practice
AP_District_15,Andhra Pradesh,2021,17.32,21.12,14.84,50.87,15.68,63.5,Synthetic data for visualization practice
AP_District_16,Andhra Pradesh,2019,21.5,32.24,15.66,59.66,22.76,53.04,Synthetic data for visualization practice
AP_District_16,Andhra Pradesh,2020,22.63,30.47,16.39,61.32,22.98,52.54,Synthetic data for visualization practice
AP_District_16,Andhra Pradesh,2021,29.71,35.29,13.98,56.34,30.84,45.94,Synthetic data for visualization practice
AP_District_17,Andhra Pradesh,2019,21.93,29.57,17.4,50.13,26.59,54.93,Synthetic data for visualization practice
AP_District_17,Andhra Pradesh,2020,32.74,41.47,19.64,60.82,31.22,38.05,Synthetic data for visualization practice
AP_District_17,Andhra Pradesh,2021,10.93,23.64,9.11,57.72,10.43,68.04,Synthetic data for visualization practice
AP_District_18,Andhra Pradesh,2019,18.51,31.49,17.04,53.87,22.61,56.26,Synthetic data for visualization practice
AP_District_18,Andhra Pradesh,2020,19.43,31.32,11.34,44.74,23.67,58.68,Synthetic data for visualization practice
AP_District_18,Andhra Pradesh,2021,17.14,26.28,14.2,53.41,18.12,60.88,Synthetic data for visualization practice
AP_District_19,Andhra Pradesh,2019,16.42,32.58,11.22,53.46,14.9,59.19,Synthetic data for visualization practice
AP_District_19,Andhra Pradesh,2020,24.99,35.36,15.08,55.1,28.47,49.54,Synthetic data for visualization practice
AP_District_19,Andhra Pradesh,2021,21.11,36.13,15.61,59.81,24.59,51.4,Synthetic data for visualization practice
AP_District_20,Andhra Pradesh,2019,26.17,33.17,12.02,66.73,30.1,48.87,Synthetic data for visualization practice
AP_District_20,Andhra Pradesh,2020,16.38,28.15,16.02,51.25,26.4,60.33,Synthetic data for visualization practice
AP_District_20,Andhra Pradesh,2021,22.76,30.33,13.7,57.85,21.02,53.84,Synthetic data for visualization practice
AP_District_21,Andhra Pradesh,2019,23.68,35.82,17.14,56.1,25.36,49.58,Synthetic data for visualization practice
AP_District_21,Andhra Pradesh,2020,19.6,33.64,16.83,57.52,22.33,53.82,Synthetic data for visualization practice
AP_District_21,Andhra Pradesh,2021,16.78,31.5,14.13,53.87,22.2,58.51,Synthetic data for visualization practice
AP_District_22,Andhra Pradesh,2019,18.03,36.19,14.75,65.41,17.74,53.25,Synthetic data for visualization practice
AP_District_22,Andhra Pradesh,2020,18.29,28.87,13.69,55.13,18.76,58.55,Synthetic data for visualization practice
AP_District_22,Andhra Pradesh,2021,22.99,39.68,15.51,55.28,27.33,48.82,Synthetic data for visualization practice
AP_District_23,Andhra Pradesh,2019,17.13,28.65,11.93,57.82,22.35,59.72,Synthetic data for visualization practice
AP_District_23,Andhra Pradesh,2020,16.75,30.96,16.02,48.66,17.04,59.02,Synthetic data for visualization practice
AP_District_23,Andhra Pradesh,2021,14.3,32.27,14.41,47.25,12.06,61.01,Synthetic data for visualization practice
AP_District_24,Andhra Pradesh,2019,15.9,26.97,17.23,55.5,19.02,60.3,Synthetic data for visualization practice
AP_District_24,Andhra Pradesh,2020,26.4,47.77,12.33,55.47,28.46,42.98,Synthetic data for visualization practice
AP_District_24,Andhra Pradesh,2021,15.4,26.16,13.1,45.93,19.92,63.78,Synthetic data for visualization practice
AP_District_25,Andhra Pradesh,2019,22.73,36.53,17.19,54.91,25.98,50.15,Synthetic data for visualization practice
AP_District_25,Andhra Pradesh,2020,29.96,31.03,14.98,52.77,40.47,48.11,Synthetic data for visualization practice
AP_District_25,Andhra Pradesh,2021,20.79,31.56,20.23,58.26,25.74,52.78,Synthetic data for visualization practice
AP_District_26,Andhra Pradesh,2019,11.96,28.73,13.42,40.49,14.47,65.97,Synthetic data for visualization practice
AP_District_26,Andhra Pradesh,2020,17.89,30.98,12.44,50.93,19.72,58.83,Synthetic data for visualization practice
AP_District_26,Andhra Pradesh,2021,18.13,34.39,17.24,52.32,19.75,55.28,Synthetic data for visualization practice
AP_District_27,Andhra Pradesh,2019,24.66,33.82,18.14,62.92,28.77,48.48,Synthetic data for visualization practice
AP_District_27,Andhra Pradesh,2020,31.45,35.83,17.9,62.5,34.75,42.19,Synthetic data for visualization practice
AP_District_27,Andhra Pradesh,2021,18.81,26.4,14.93,50.39,25.02,59.71,Synthetic data for visualization practice
AP_District_28,Andhra Pradesh,2019,14.12,30.71,13.91,54.08,18.95,61.06,Synthetic data for visualization practice
AP_District_28,Andhra Pradesh,2020,29.73,40.29,14.74,54.89,39.81,43.42,Synthetic data for visualization practice
AP_District_28,Andhra Pradesh,2021,23.8,30.92,15.85,57.02,35.59,52.19,Synthetic data for visualization practice
AP_District_29,Andhra Pradesh,2019,20.65,30.13,11.68,60.13,18.1,55.9,Synthetic data for visualization practice
AP_District_29,Andhra Pradesh,2020,18.16,25.66,12.68,53.53,23.68,60.8,Synthetic data for visualization practice
AP_District_29,Andhra Pradesh,2021,19.51,32.39,16.57,42.77,28.4,56.81,Synthetic data for visualization practice
AP_District_30,Andhra Pradesh,2019,15.58,31.55,16.61,54.88,13.78,58.55,Synthetic data for visualization practice
AP_District_30,Andhra Pradesh,2020,7.63,26.75,11.42,49.34,5.42,69.7,Synthetic data for visualization practice
AP_District_30,Andhra Pradesh,2021,24.0,34.34,11.38,55.32,27.58,51.92,Synthetic data for visualization practice
AP_District_01,Arunachal Pradesh,2019,15.12,33.95,14.1,36.51,11.32,61.23,Synthetic data for visualization practice
AP_District_01,Arunachal Pradesh,2020,18.16,29.8,9.58,59.98,10.0,58.7,Synthetic data for visualization practice
AP_District_01,Arunachal Pradesh,2021,20.79,34.54,16.34,57.33,19.04,52.6,Synthetic data for visualization practice
AP_District_02,Arunachal Pradesh,2019,32.64,33.63,19.28,68.93,41.33,40.95,Synthetic data for visualization practice
AP_District_02,Arunachal Pradesh,2020,24.31,40.03,18.4,70.67,33.8,44.41,Synthetic data for visualization practice
AP_District_02,Arunachal Pradesh,2021,16.55,29.88,12.91,48.31,20.14,60.7,Synthetic data for visualization practice
AP_District_03,Arunachal Pradesh,2019,17.71,29.77,19.27,53.58,17.46,57.13,Synthetic data for visualization practice
AP_District_03,Arunachal Pradesh,2020,24.03,38.52,16.71,64.47,29.54,46.83,Synthetic data for visualization practice
AP_District_03,Arunachal Pradesh,2021,19.98,34.46,14.27,57.01,20.9,53.95,Synthetic data for visualization practice
AP_District_04,Arunachal Pradesh,2019,19.05,37.51,17.61,54.44,19.63,52.55,Synthetic data for visualization practice
AP_District_04,Arunachal Pradesh,2020,11.3,19.34,16.5,50.19,5.0,68.81,Synthetic data for visualization practice
AP_District_04,Arunachal Pradesh,2021,19.98,26.78,15.65,54.82,28.52,57.71,Synthetic data for visualization practice
AP_District_05,Arunachal Pradesh,2019,26.11,39.7,19.15,63.19,19.66,44.03,Synthetic data for visualization practice
AP_District_05,Arunachal Pradesh,2020,22.61,26.22,15.18,60.76,29.42,55.14,Synthetic data for visualization practice
AP_District_05,Arunachal Pradesh,2021,13.22,26.51,17.06,54.34,12.28,62.9,Synthetic data for visualization practice
AP_District_06,Arunachal Pradesh,2019,22.09,34.94,12.56,45.43,27.64,54.27,Synthetic data for visualization practice
AP_District_06,Arunachal Pradesh,2020,21.36,38.59,19.27,63.73,24.34,48.28,Synthetic data for visualization practice
AP_District_06,Arunachal Pradesh,2021,14.91,32.12,20.06,59.09,16.31,57.13,Synthetic data for visualization practice
AP_District_07,Arunachal Pradesh,2019,14.14,32.94,10.78,50.0,17.81,61.48,Synthetic data for visualization practice
AP_District_07,Arunachal Pradesh,2020,22.62,33.02,9.56,59.23,19.72,53.64,Synthetic data for visualization practice
AP_District_07,Arunachal Pradesh,2021,15.72,30.3,13.25,56.17,15.63,59.87,Synthetic data for visualization practice
AP_District_08,Arunachal Pradesh,2019,19.83,30.45,10.94,58.23,19.59,56.9,Synthetic data for visualization practice
AP_District_08,Arunachal Pradesh,2020,23.96,27.33,17.75,49.27,31.08,54.45,Synthetic data for visualization practice
AP_District_08,Arunachal Pradesh,2021,18.29,27.42,13.47,52.97,25.38,59.67,Synthetic data for visualization practice
AP_District_09,Arunachal Pradesh,2019,20.68,37.3,15.87,51.96,27.31,52.25,Synthetic data for visualization practice
AP_District_09,Arunachal Pradesh,2020,11.48,29.48,11.98,37.6,17.13,66.85,Synthetic data for visualization practice
AP_District_09,Arunachal Pradesh,2021,14.99,36.55,9.49,44.54,19.44,60.21,Synthetic data for visualization practice
AP_District_10,Arunachal Pradesh,2019,23.78,32.55,17.49,45.82,34.57,52.58,Synthetic data for visualization practice
AP_District_10,Arunachal Pradesh,2020,12.78,35.23,12.11,50.81,12.04,60.91,Synthetic data for visualization practice
AP_District_10,Arunachal Pradesh,2021,31.47,37.0,17.83,71.57,33.01,40.23,Synthetic data for visualization practice
AP_District_11,Arunachal Pradesh,2019,18.63,32.66,14.05,49.32,26.71,57.15,Synthetic data for visualization practice
AP_District_11,Arunachal Pradesh,2020,14.78,34.11,13.37,51.96,12.63,59.32,Synthetic data for visualization practice
AP_District_11,Arunachal Pradesh,2021,17.02,34.32,16.3,66.08,23.51,54.42,Synthetic data for visualization practice
AP_District_12,Arunachal Pradesh,2019,17.97,35.16,13.16,51.67,15.75,56.35,Synthetic data for visualization practice
AP_District_12,Arunachal Pradesh,2020,17.03,29.72,14.48,58.05,22.75,58.46,Synthetic data for visualization practice
AP_District_12,Arunachal Pradesh,2021,9.57,19.6,9.24,41.66,14.73,73.52,Synthetic data for visualization practice
AP_District_13,Arunachal Pradesh,2019,11.22,25.07,11.7,55.9,11.5,66.59,Synthetic data for visualization practice
AP_District_13,Arunachal Pradesh,2020,20.5,31.43,14.04,56.96,24.46,55.13,Synthetic data for visualization practice
AP_District_13,Arunachal Pradesh,2021,17.43,31.73,9.28,54.39,23.91,59.25,Synthetic data for visualization practice
AP_District_14,Arunachal Pradesh,2019,24.58,31.99,16.69,57.8,22.06,50.66,Synthetic data for visualization practice
AP_District_14,Arunachal Pradesh,2020,19.48,33.14,16.99,61.55,23.31,53.52,Synthetic data for visualization practice
AP_District_14,Arunachal Pradesh,2021,22.65,31.65,17.58,52.91,24.0,52.85,Synthetic data for visualization practice
AP_District_15,Arunachal Pradesh,2019,27.73,28.48,15.56,66.18,38.36,48.98,Synthetic data for visualization practice
AP_District_15,Arunachal Pradesh,2020,22.46,38.39,16.83,62.69,26.76,48.38,Synthetic data for visualization practice
AP_District_15,Arunachal Pradesh,2021,27.69,38.67,19.19,58.46,29.32,43.99,Synthetic data for visualization practice
AP_District_16,Arunachal Pradesh,2019,24.68,38.79,16.48,55.11,30.97,47.65,Synthetic data for visualization practice
AP_District_16,Arunachal Pradesh,2020,21.81,36.22,11.17,55.1,19.09,52.83,Synthetic data for visualization practice
AP_District_16,Arunachal Pradesh,2021,23.68,27.82,20.65,60.8,31.49,51.83,Synthetic data for visualization practice
AP_District_17,Arunachal Pradesh,2019,19.12,30.35,17.65,57.14,16.13,55.67,Synthetic data for visualization practice
AP_District_17,Arunachal Pradesh,2020,18.68,31.57,17.28,49.82,20.44,56.61,Synthetic data for visualization practice
AP_District_17,Arunachal Pradesh,2021,12.9,31.62,14.43,52.42,7.38,61.68,Synthetic data for visualization practice
AP_District_18,Arunachal Pradesh,2019,23.01,32.71,14.97,67.06,29.35,50.69,Synthetic data for visualization practice
AP_District_18,Arunachal Pradesh,2020,14.93,23.5,13.46,49.54,11.69,64.84,Synthetic data for visualization practice
AP_District_18,Arunachal Pradesh,2021,13.25,27.77,8.06,54.81,9.24,64.87,Synthetic data for visualization practice
AP_District_19,Arunachal Pradesh,2019,27.74,37.44,20.26,68.45,35.76,42.74,Synthetic data for visualization practice
AP_District_19,Arunachal Pradesh,2020,22.47,35.16,16.72,47.56,33.26,52.29,Synthetic data for visualization practice
AP_District_19,Arunachal Pradesh,2021,29.56,40.82,21.07,62.13,28.61,40.31,Synthetic data for visualization practice
AP_District_20,Arunachal Pradesh,2019,18.97,28.58,17.91,61.19,26.22,55.98,Synthetic data for visualization practice
AP_District_20,Arunachal Pradesh,2020,19.04,32.13,15.61,56.68,16.61,55.52,Synthetic data for visualization practice
AP_District_20,Arunachal Pradesh,2021,24.03,40.86,16.78,60.74,30.51,46.2,Synthetic data for visualization practice
AP_District_21,Arunachal Pradesh,2019,30.59,41.68,13.63,57.77,40.33,41.94,Synthetic data for visualization practice
AP_District_21,Arunachal Pradesh,2020,26.5,28.92,19.22,56.5,33.88,50.1,Synthetic data for visualization practice
AP_District_21,Arunachal Pradesh,2021,26.04,37.14,19.46,54.44,35.1,46.6,Synthetic data for visualization practice
AP_District_22,Arunachal Pradesh,2019,22.42,29.01,11.44,60.69,23.53,55.02,Synthetic data for visualization practice
AP_District_22,Arunachal Pradesh,2020,17.2,24.03,12.6,53.14,20.68,62.47,Synthetic data for visualization practice
AP_District_22,Arunachal Pradesh,2021,21.97,40.71,13.78,52.86,31.42,50.01,Synthetic data for visualization practice
AP_District_23,Arunachal Pradesh,2019,20.06,32.41,18.4,62.37,26.75,52.87,Synthetic data for visualization practice
AP_District_23,Arunachal Pradesh,2020,17.63,32.06,11.94,53.18,19.56,58.31,Synthetic data for visualization practice
AP_District_23,Arunachal Pradesh,2021,24.34,40.22,15.26,56.75,25.31,47.33,Synthetic data for visualization practice
AP_District_24,Arunachal Pradesh,2019,20.49,32.92,12.7,50.53,21.31,55.76,Synthetic data for visualization practice
AP_District_24,Arunachal Pradesh,2020,26.07,42.9,15.23,60.4,35.53,44.06,Synthetic data for visualization practice
AP_District_24,Arunachal Pradesh,2021,27.01,29.27,19.97,55.42,42.15,49.45,Synthetic data for visualization practice
AP_District_25,Arunachal Pradesh,2019,17.96,28.08,14.04,55.93,18.47,58.99,Synthetic data for visualization practice
AP_District_25,Arunachal Pradesh,2020,13.43,28.0,9.79,48.62,15.52,65.02,Synthetic data for visualization practice
AP_District_25,Arunachal Pradesh,2021,18.67,31.19,14.62,50.86,23.41,57.45,Synthetic data for visualization practice
AP_District_26,Arunachal Pradesh,2019,23.77,37.01,15.34,59.28,33.03,48.98,Synthetic data for visualization practice
AP_District_26,Arunachal Pradesh,2020,27.19,29.86,17.93,65.84,33.93,48.06,Synthetic data for visualization practice
AP_District_26,Arunachal Pradesh,2021,21.77,31.21,11.73,56.86,21.42,54.93,Synthetic data for visualization practice
AP_District_27,Arunachal Pradesh,2019,22.33,26.64,12.38,51.35,20.85,57.4,Synthetic data for visualization practice
AP_District_27,Arunachal Pradesh,2020,18.05,37.52,16.9,56.21,22.08,53.3,Synthetic data for visualization practice
AP_District_27,Arunachal Pradesh,2021,21.13,30.17,17.43,50.17,23.55,55.26,Synthetic data for visualization practice
AP_District_28,Arunachal Pradesh,2019,22.79,33.83,16.7,42.51,27.56,53.47,Synthetic data for visualization practice
AP_District_28,Arunachal Pradesh,2020,18.42,31.93,16.37,53.6,21.37,56.35,Synthetic data for visualization practice
AP_District_28,Arunachal Pradesh,2021,12.78,29.3,13.48,51.12,11.28,63.42,Synthetic data for visualization practice
AP_District_29,Arunachal Pradesh,2019,14.13,34.93,9.2,52.08,12.0,60.66,Synthetic data for visualization practice
AP_District_29,Arunachal Pradesh,2020,14.41,26.31,13.18,60.58,15.5,62.27,Synthetic data for visualization practice
AP_District_29,Arunachal Pradesh,2021,9.4,21.96,16.67,45.8,10.75,69.62,Synthetic data for visualization practice
AP_District_30,Arunachal Pradesh,2019,15.56,29.61,20.03,59.07,20.71,57.88,Synthetic data for visualization practice
AP_District_30,Arunachal Pradesh,2020,18.6,28.9,10.21,59.19,17.56,58.73,Synthetic data for visualization practice
AP_District_30,Arunachal Pradesh,2021,27.54,35.27,16.47,63.65,31.65,45.84,Synthetic data for visualization practice
A_District_01,Assam,2019,11.08,28.55,15.47,43.22,16.25,65.74,Synthetic data for visualization practice
A_District_01,Assam,2020,20.91,36.5,17.41,52.12,23.48,51.98,Synthetic data for visualization practice
A_District_01,Assam,2021,9.63,30.85,11.05,44.79,7.69,66.84,Synthetic data for visualization practice
A_District_02,Assam,2019,29.63,41.38,19.83,64.14,36.64,40.04,Synthetic data for visualization practice
A_District_02,Assam,2020,18.97,30.72,21.33,57.11,22.66,54.5,Synthetic data for visualization practice
A_District_02,Assam,2021,20.01,28.96,18.76,51.7,21.12,56.12,Synthetic data for visualization practice
A_District_03,Assam,2019,25.03,36.15,16.29,57.99,30.69,48.32,Synthetic data for visualization practice
A_District_03,Assam,2020,16.21,36.83,13.78,48.6,19.19,57.19,Synthetic data for visualization practice
A_District_03,Assam,2021,21.09,36.3,16.67,54.42,19.61,51.81,Synthetic data for visualization practice
A_District_04,Assam,2019,15.37,34.33,16.03,47.08,16.64,58.66,Synthetic data for visualization practice
A_District_04,Assam,2020,15.66,37.52,9.13,53.57,15.16,57.94,Synthetic data for visualization practice
A_District_04,Assam,2021,11.43,26.83,11.81,46.76,11.51,66.89,Synthetic data for visualization practice
A_District_05,Assam,2019,10.84,31.08,14.59,53.26,14.96,63.42,Synthetic data for visualization practice
A_District_05,Assam,2020,12.25,31.44,10.49,50.01,7.92,63.83,Synthetic data for visualization practice
A_District_05,Assam,2021,22.37,42.0,11.43,69.01,17.89,47.32,Synthetic data for visualization practice
A_District_06,Assam,2019,24.35,31.41,17.32,57.29,26.25,51.03,Synthetic data for visualization practice
A_District_06,Assam,2020,20.49,38.05,15.31,54.48,23.26,51.82,Synthetic data for visualization practice
A_District_06,Assam,2021,23.62,37.92,14.24,52.13,27.05,50.05,Synthetic data for visualization practice
A_District_07,Assam,2019,17.89,35.74,14.08,60.78,15.5,54.48,Synthetic data for visualization practice
A_District_07,Assam,2020,23.92,31.87,19.92,57.24,29.43,50.37,Synthetic data for visualization practice
A_District_07,Assam,2021,17.38,28.0,10.67,56.46,20.73,60.42,Synthetic data for visualization practice
A_District_08,Assam,2019,28.3,32.53,18.35,68.04,44.65,45.38,Synthetic data for visualization practice
A_District_08,Assam,2020,21.74,26.58,13.74,50.76,23.68,57.58,Synthetic data for visualization practice
A_District_08,Assam,2021,12.83,20.09,9.9,47.65,9.96,69.57,Synthetic data for visualization practice
A_District_09,Assam,2019,20.44,36.82,16.99,60.99,22.77,50.99,Synthetic data for visualization practice
A_District_09,Assam,2020,18.9,34.44,15.08,52.3,19.99,55.29,Synthetic data for visualization practice
A_District_09,Assam,2021,14.27,31.53,13.33,47.96,17.67,61.63,Synthetic data for visualization practice
A_District_10,Assam,2019,19.67,33.13,12.76,58.83,17.69,55.05,Synthetic data for visualization practice
A_District_10,Assam,2020,15.01,34.34,12.41,49.72,22.24,59.64,Synthetic data for visualization practice
A_District_10,Assam,2021,24.98,35.82,13.25,60.96,26.46,48.99,Synthetic data for visualization practice
A_District_11,Assam,2019,27.56,28.22,17.78,69.64,37.38,48.07,Synthetic data for visualization practice
A_District_11,Assam,2020,31.85,35.44,20.24,59.09,35.2,41.86,Synthetic data for visualization practice
A_District_11,Assam,2021,17.34,28.96,12.64,57.76,25.74,59.19,Synthetic data for visualization practice
A_District_12,Assam,2019,16.62,29.9,12.29,57.15,24.86,59.49,Synthetic data for visualization practice
A_District_12,Assam,2020,27.31,34.0,9.98,50.92,31.17,50.51,Synthetic data for visualization practice
A_District_12,Assam,2021,23.88,32.13,20.08,63.85,32.88,49.23,Synthetic data for visualization practice
A_District_13,Assam,2019,18.94,33.33,18.73,56.42,22.43,54.1,Synthetic data for visualization practice
A_District_13,Assam,2020,26.77,32.04,18.58,57.93,29.56,48.3,Synthetic data for visualization practice
A_District_13,Assam,2021,4.39,20.34,12.43,45.42,6.87,75.77,Synthetic data for visualization practice
A_District_14,Assam,2019,22.12,34.06,16.29,52.7,34.41,52.48,Synthetic data for visualization practice
A_District_14,Assam,2020,13.72,35.19,11.73,61.08,20.95,58.75,Synthetic data for visualization practice
A_District_14,Assam,2021,21.37,33.54,15.27,52.97,20.53,53.6,Synthetic data for visualization practice
A_District_15,Assam,2019,19.4,32.17,13.32,66.11,26.81,54.49,Synthetic data for visualization practice
A_District_15,Assam,2020,24.81,34.87,16.85,51.52,23.96,49.93,Synthetic data for visualization practice
A_District_15,Assam,2021,19.43,39.03,15.41,61.55,21.46,51.08,Synthetic data for visualization practice
A_District_16,Assam,2019,25.24,45.45,15.1,54.58,33.49,44.37,Synthetic data for visualization practice
A_District_16,Assam,2020,21.49,37.1,14.54,62.21,13.63,50.57,Synthetic data for visualization practice
A_District_16,Assam,2021,27.7,31.05,16.26,57.69,26.92,48.78,Synthetic data for visualization practice
A_District_17,Assam,2019,23.14,37.69,21.69,55.28,30.83,47.84,Synthetic data for visualization practice
A_District_17,Assam,2020,18.61,36.18,13.23,50.94,20.46,55.41,Synthetic data for visualization practice
A_District_17,Assam,2021,25.08,27.61,13.21,65.81,30.8,52.3,Synthetic data for visualization practice
A_District_18,Assam,2019,14.04,29.78,15.35,44.33,13.73,62.63,Synthetic data for visualization practice
A_District_18,Assam,2020,15.07,29.89,15.2,45.65,13.18,61.6,Synthetic data for visualization practice
A_District_18,Assam,2021,22.14,36.12,15.88,55.91,21.57,51.08,Synthetic data for visualization practice
A_District_19,Assam,2019,23.8,34.61,13.73,55.01,23.67,51.29,Synthetic data for visualization practice
A_District_19,Assam,2020,19.95,34.91,16.29,59.41,25.58,52.78,Synthetic data for visualization practice
A_District_19,Assam,2021,28.77,34.08,14.93,60.32,34.14,46.42,Synthetic data for visualization practice
A_District_20,Assam,2019,14.49,28.07,11.94,49.84,16.04,63.31,Synthetic data for visualization practice
A_District_20,Assam,2020,25.34,45.82,16.76,57.02,32.25,43.24,Synthetic data for visualization practice
A_District_20,Assam,2021,20.99,35.28,20.44,51.42,24.03,51.72,Synthetic data for visualization practice
A_District_21,Assam,2019,16.87,34.36,17.39,48.68,26.52,56.8,Synthetic data for visualization practice
A_District_21,Assam,2020,15.58,25.53,16.51,49.79,25.01,62.35,Synthetic data for visualization practice
A_District_21,Assam,2021,17.21,29.37,13.12,56.88,17.31,59.08,Synthetic data for visualization practice
A_District_22,Assam,2019,18.42,36.01,17.7,50.65,19.93,54.35,Synthetic data for visualization practice
A_District_22,Assam,2020,22.7,41.79,12.84,63.4,32.82,47.58,Synthetic data for visualization practice
A_District_22,Assam,2021,24.96,38.09,13.7,55.61,21.67,48.54,Synthetic data for visualization practice
A_District_23,Assam,2019,24.8,35.82,18.1,58.78,32.74,48.01,Synthetic data for visualization practice
A_District_23,Assam,2020,13.54,30.39,16.42,58.88,16.32,60.22,Synthetic data for visualization practice
A_District_23,Assam,2021,24.82,38.65,14.54,57.37,30.83,47.85,Synthetic data for visualization practice
A_District_24,Assam,2019,15.82,31.44,15.67,55.01,14.22,58.67,Synthetic data for visualization practice
A_District_24,Assam,2020,22.23,34.06,16.59,52.82,24.66,52.28,Synthetic data for visualization practice
A_District_24,Assam,2021,23.06,32.0,15.89,53.87,25.55,52.7,Synthetic data for visualization practice
A_District_25,Assam,2019,17.22,35.73,15.65,63.05,11.67,54.21,Synthetic data for visualization practice
A_District_25,Assam,2020,26.12,35.45,17.17,56.99,18.22,47.68,Synthetic data for visualization practice
A_District_25,Assam,2021,21.69,33.47,19.86,57.29,22.15,51.36,Synthetic data for visualization practice
A_District_26,Assam,2019,18.46,31.62,13.09,50.12,18.56,57.98,Synthetic data for visualization practice
A_District_26,Assam,2020,30.2,32.78,15.8,61.37,43.62,45.5,Synthetic data for visualization practice
A_District_26,Assam,2021,24.48,38.17,14.51,59.61,28.75,48.04,Synthetic data for visualization practice
A_District_27,Assam,2019,14.53,25.24,16.29,54.89,18.7,62.64,Synthetic data for visualization practice
A_District_27,Assam,2020,23.55,38.06,11.48,61.62,29.87,49.44,Synthetic data for visualization practice
A_District_27,Assam,2021,22.23,35.75,13.09,48.96,24.27,53.07,Synthetic data for visualization practice
A_District_28,Assam,2019,22.84,29.09,13.26,53.23,25.03,55.22,Synthetic data for visualization practice
A_District_28,Assam,2020,13.13,23.53,11.23,50.97,18.58,66.72,Synthetic data for visualization practice
A_District_28,Assam,2021,13.7,33.77,10.17,49.87,12.81,61.62,Synthetic data for visualization practice
A_District_29,Assam,2019,16.96,35.98,13.47,58.55,21.24,55.62,Synthetic data for visualization practice
A_District_29,Assam,2020,20.91,35.42,16.03,60.7,27.17,51.64,Synthetic data for visualization practice
A_District_29,Assam,2021,18.3,31.82,16.34,48.77,20.33,57.23,Synthetic data for visualization practice
A_District_30,Assam,2019,16.96,36.16,19.83,58.04,25.3,53.69,Synthetic data for visualization practice
A_District_30,Assam,2020,24.87,29.03,11.61,59.44,32.03,53.19,Synthetic data for visualization practice
A_District_30,Assam,2021,14.1,29.5,15.06,43.9,17.89,62.87,Synthetic data for visualization practice
B_District_01,Bihar,2019,19.98,36.47,13.78,57.72,29.47,52.99,Synthetic data for visualization practice
B_District_01,Bihar,2020,23.84,38.75,13.08,63.07,26.58,48.17,Synthetic data for visualization practice
B_District_01,Bihar,2021,14.89,31.22,14.93,53.36,12.93,59.99,Synthetic data for visualization practice
B_District_02,Bihar,2019,18.1,32.7,17.4,53.54,15.42,55.92,Synthetic data for visualization practice
B_District_02,Bihar,2020,18.17,30.51,15.4,50.57,15.03,58.01,Synthetic data for visualization practice
B_District_02,Bihar,2021,24.38,34.06,16.36,52.39,36.38,50.7,Synthetic data for visualization practice
B_District_03,Bihar,2019,24.22,36.9,9.18,57.55,33.99,50.78,Synthetic data for visualization practice
B_District_03,Bihar,2020,15.83,35.03,13.14,51.4,20.52,58.17,Synthetic data for visualization practice
B_District_03,Bihar,2021,12.29,24.23,15.47,39.44,20.07,67.5,Synthetic data for visualization practice
B_District_04,Bihar,2019,22.49,37.44,14.23,63.14,18.65,49.55,Synthetic data for visualization practice
B_District_04,Bihar,2020,18.97,27.0,17.43,52.3,16.26,58.25,Synthetic data for visualization practice
B_District_04,Bihar,2021,14.18,30.91,12.31,53.99,14.24,61.41,Synthetic data for visualization practice
B_District_05,Bihar,2019,21.15,33.39,14.19,56.51,23.32,53.65,Synthetic data for visualization practice
B_District_05,Bihar,2020,25.74,39.92,18.88,74.18,22.83,42.66,Synthetic data for visualization practice
B_District_05,Bihar,2021,20.88,36.3,12.7,53.35,22.59,53.33,Synthetic data for visualization practice
B_District_06,Bihar,2019,23.26,35.34,18.53,61.43,30.51,48.95,Synthetic data for visualization practice
B_District_06,Bihar,2020,18.65,36.8,16.6,46.09,24.84,54.78,Synthetic data for visualization practice
B_District_06,Bihar,2021,20.58,36.43,17.42,56.79,23.78,51.58,Synthetic data for visualization practice
B_District_07,Bihar,2019,19.35,31.6,14.89,54.41,26.13,56.09,Synthetic data for visualization practice
B_District_07,Bihar,2020,12.68,29.2,12.47,49.0,12.49,64.17,Synthetic data for visualization practice
B_District_07,Bihar,2021,19.77,26.36,14.07,58.67,29.1,57.98,Synthetic data for visualization practice
B_District_08,Bihar,2019,19.49,31.79,15.51,55.56,30.72,55.52,Synthetic data for visualization practice
B_District_08,Bihar,2020,20.21,33.38,16.1,59.27,29.02,53.42,Synthetic data for visualization practice
B_District_08,Bihar,2021,16.75,20.4,12.63,50.26,19.61,65.07,Synthetic data for visualization practice
B_District_09,Bihar,2019,19.15,23.49,15.33,49.8,22.39,60.87,Synthetic data for visualization practice
B_District_09,Bihar,2020,16.7,31.31,13.47,54.37,24.63,58.79,Synthetic data for visualization practice
B_District_09,Bihar,2021,18.39,25.97,10.9,51.04,22.1,61.37,Synthetic data for visualization practice
B_District_10,Bihar,2019,16.82,30.14,11.79,51.54,14.45,60.2,Synthetic data for visualization practice
B_District_10,Bihar,2020,19.13,40.04,13.11,54.07,20.29,52.63,Synthetic data for visualization practice
B_District_10,Bihar,2021,18.86,30.37,10.84,51.7,21.69,58.72,Synthetic data for visualization practice
B_District_11,Bihar,2019,9.56,23.07,13.85,51.22,9.0,68.97,Synthetic data for visualization practice
B_District_11,Bihar,2020,14.34,22.45,12.35,53.32,14.76,65.6,Synthetic data for visualization practice
B_District_11,Bihar,2021,19.64,37.01,11.12,48.53,26.86,55.17,Synthetic data for visualization practice
B_District_12,Bihar,2019,28.16,37.33,11.55,50.19,35.79,47.81,Synthetic data for visualization practice
B_District_12,Bihar,2020,19.67,28.4,15.08,55.36,25.0,57.23,Synthetic data for visualization practice
B_District_12,Bihar,2021,24.3,40.28,16.09,57.22,30.7,47.02,Synthetic data for visualization practice
B_District_13,Bihar,2019,25.0,37.25,17.2,60.88,17.38,47.08,Synthetic data for visualization practice
B_District_13,Bihar,2020,29.93,32.04,20.99,59.75,37.37,44.77,Synthetic data for visualization practice
B_District_13,Bihar,2021,16.9,33.4,12.6,53.49,24.98,57.98,Synthetic data for visualization practice
B_District_14,Bihar,2019,32.85,40.25,18.37,61.48,36.19,38.86,Synthetic data for visualization practice
B_District_14,Bihar,2020,22.76,32.83,18.14,54.1,30.45,51.82,Synthetic data for visualization practice
B_District_14,Bihar,2021,14.6,32.85,18.5,55.1,22.45,58.08,Synthetic data for visualization practice
B_District_15,Bihar,2019,15.7,26.86,13.36,56.07,14.54,61.59,Synthetic data for visualization practice
B_District_15,Bihar,2020,14.41,24.66,10.15,53.82,21.17,65.03,Synthetic data for visualization practice
B_District_15,Bihar,2021,30.29,31.07,21.12,66.37,34.91,43.94,Synthetic data for visualization practice
B_District_16,Bihar,2019,20.86,35.68,11.94,58.61,19.23,53.1,Synthetic data for visualization practice
B_District_16,Bihar,2020,9.84,31.97,12.51,45.9,6.39,65.5,Synthetic data for visualization practice
B_District_16,Bihar,2021,25.09,41.04,18.46,63.72,27.57,44.31,Synthetic data for visualization practice
B_District_17,Bihar,2019,22.12,33.22,12.5,51.6,27.01,54.2,Synthetic data for visualization practice
B_District_17,Bihar,2020,20.47,39.02,15.01,60.32,23.17,50.56,Synthetic data for visualization practice
B_District_17,Bihar,2021,24.29,37.74,15.46,64.4,32.7,47.4,Synthetic data for visualization practice
B_District_18,Bihar,2019,17.06,37.98,13.81,55.33,17.41,54.92,Synthetic data for visualization practice
B_District_18,Bihar,2020,20.15,35.13,11.55,51.97,29.57,55.05,Synthetic data for visualization practice
B_District_18,Bihar,2021,26.37,35.29,17.71,58.84,33.28,47.12,Synthetic data for visualization practice
B_District_19,Bihar,2019,19.75,33.03,14.16,46.91,27.16,56.4,Synthetic data for visualization practice
B_District_19,Bihar,2020,20.57,34.85,11.83,47.67,16.12,55.42,Synthetic data for visualization practice
B_District_19,Bihar,2021,23.66,34.27,19.18,59.14,21.77,49.31,Synthetic data for visualization practice
B_District_20,Bihar,2019,16.31,29.63,16.24,48.53,11.82,59.98,Synthetic data for visualization practice
B_District_20,Bihar,2020,20.38,32.59,16.11,53.92,22.41,54.48,Synthetic data for visualization practice
B_District_20,Bihar,2021,20.96,37.72,13.34,58.47,16.63,51.6,Synthetic data for visualization practice
B_District_21,Bihar,2019,18.32,25.26,16.9,52.64,14.94,59.75,Synthetic data for visualization practice
B_District_21,Bihar,2020,20.19,35.43,12.98,58.71,21.75,53.43,Synthetic data for visualization practice
B_District_21,Bihar,2021,16.45,30.37,17.57,61.07,24.03,57.23,Synthetic data for visualization practice
B_District_22,Bihar,2019,15.43,33.89,15.67,55.96,12.66,57.61,Synthetic data for visualization practice
B_District_22,Bihar,2020,19.73,30.42,10.19,56.52,23.53,57.48,Synthetic data for visualization practice
B_District_22,Bihar,2021,20.93,28.16,16.85,65.88,22.29,54.24,Synthetic data for visualization practice
B_District_23,Bihar,2019,18.52,40.31,12.07,55.05,19.26,53.15,Synthetic data for visualization practice
B_District_23,Bihar,2020,13.11,29.01,16.65,59.53,14.09,61.08,Synthetic data for visualization practice
B_District_23,Bihar,2021,18.43,42.1,13.54,51.12,22.83,52.48,Synthetic data for visualization practice
B_District_24,Bihar,2019,27.63,46.87,13.43,67.25,32.22,40.35,Synthetic data for visualization practice
B_District_24,Bihar,2020,22.04,27.53,19.18,60.26,22.94,53.81,Synthetic data for visualization practice
B_District_24,Bihar,2021,21.13,30.56,13.83,53.42,22.18,55.65,Synthetic data for visualization practice
B_District_25,Bihar,2019,14.06,33.18,16.49,47.63,22.94,60.07,Synthetic data for visualization practice
B_District_25,Bihar,2020,19.65,34.12,13.34,50.36,24.45,55.66,Synthetic data for visualization practice
B_District_25,Bihar,2021,22.97,42.72,15.86,52.3,29.38,47.67,Synthetic data for visualization practice
B_District_26,Bihar,2019,25.42,40.74,14.72,57.89,29.52,46.19,Synthetic data for visualization practice
B_District_26,Bihar,2020,16.28,29.9,17.41,53.77,23.91,58.74,Synthetic data for visualization practice
B_District_26,Bihar,2021,10.96,34.69,12.51,45.89,15.69,63.25,Synthetic data for visualization practice
B_District_27,Bihar,2019,19.71,31.27,18.35,55.07,15.34,54.84,Synthetic data for visualization practice
B_District_27,Bihar,2020,27.4,40.48,18.65,62.93,35.69,42.81,Synthetic data for visualization practice
B_District_27,Bihar,2021,21.77,41.63,13.17,56.17,28.12,49.39,Synthetic data for visualization practice
B_District_28,Bihar,2019,21.26,34.95,14.89,47.91,28.27,53.86,Synthetic data for visualization practice
B_District_28,Bihar,2020,17.73,24.81,14.78,55.96,25.52,60.58,Synthetic data for visualization practice
B_District_28,Bihar,2021,24.73,27.87,12.78,67.94,29.14,52.26,Synthetic data for visualization practice
B_District_29,Bihar,2019,18.63,32.56,13.07,56.92,24.89,56.35,Synthetic data for visualization practice
B_District_29,Bihar,2020,17.52,27.44,15.05,47.32,21.57,60.65,Synthetic data for visualization practice
B_District_29,Bihar,2021,27.86,42.73,18.76,59.68,23.61,41.77,Synthetic data for visualization practice
B_District_30,Bihar,2019,20.12,29.9,13.28,54.25,16.85,56.83,Synthetic data for visualization practice
B_District_30,Bihar,2020,13.59,29.27,11.17,47.13,18.67,64.07,Synthetic data for visualization practice
B_District_30,Bihar,2021,19.92,32.03,14.53,57.93,20.64,55.0,Synthetic data for visualization practice
C_District_01,Chhattisgarh,2019,20.39,35.89,14.73,55.66,21.78,52.98,Synthetic data for visualization practice
C_District_01,Chhattisgarh,2020,14.46,33.03,14.73,53.67,18.26,59.45,Synthetic data for visualization practice
C_District_01,Chhattisgarh,2021,21.27,36.48,17.66,60.38,25.69,50.39,Synthetic data for visualization practice
C_District_02,Chhattisgarh,2019,23.89,37.67,16.68,58.77,29.47,48.23,Synthetic data for visualization practice
C_District_02,Chhattisgarh,2020,17.14,42.81,13.35,53.5,14.61,52.86,Synthetic data for visualization practice
C_District_02,Chhattisgarh,2021,14.69,36.25,11.99,49.18,16.64,59.15,Synthetic data for visualization practice
C_District_03,Chhattisgarh,2019,10.63,30.37,19.66,47.08,15.92,63.35,Synthetic data for visualization practice
C_District_03,Chhattisgarh,2020,14.96,27.32,16.99,50.31,9.56,61.73,Synthetic data for visualization practice
C_District_03,Chhattisgarh,2021,15.71,33.67,13.36,49.73,16.8,59.13,Synthetic data for visualization practice
C_District_04,Chhattisgarh,2019,15.49,32.11,9.41,49.85,22.37,61.26,Synthetic data for visualization practice
C_District_04,Chhattisgarh,2020,23.69,37.39,15.76,63.25,28.7,48.13,Synthetic data for visualization practice
C_District_04,Chhattisgarh,2021,24.76,39.33,18.07,55.9,29.86,46.72,Synthetic data for visualization practice
C_District_05,Chhattisgarh,2019,22.53,38.75,13.29,52.11,25.26,50.79,Synthetic data for visualization practice
C_District_05,Chhattisgarh,2020,20.83,25.91,16.15,46.28,25.54,58.59,Synthetic data for visualization practice
C_District_05,Chhattisgarh,2021,19.69,40.13,11.88,53.15,15.7,52.64,Synthetic data for visualization practice
C_District_06,Chhattisgarh,2019,22.67,32.56,19.54,54.86,31.18,51.49,Synthetic data for visualization practice
C_District_06,Chhattisgarh,2020,15.64,29.92,9.76,46.89,23.77,62.57,Synthetic data for visualization practice
C_District_06,Chhattisgarh,2021,20.37,31.93,13.22,54.14,24.59,55.65,Synthetic data for visualization practice
C_District_07,Chhattisgarh,2019,15.41,27.15,14.25,51.52,29.61,62.1,Synthetic data for visualization practice
C_District_07,Chhattisgarh,2020,21.86,32.8,14.15,54.98,25.55,53.62,Synthetic data for visualization practice
C_District_07,Chhattisgarh,2021,21.73,33.7,15.89,63.92,30.77,51.41,Synthetic data for visualization practice
C_District_08,Chhattisgarh,2019,26.84,36.51,16.18,57.8,29.35,46.75,Synthetic data for visualization practice
C_District_08,Chhattisgarh,2020,21.03,34.49,15.85,50.04,20.85,53.67,Synthetic data for visualization practice
C_District_08,Chhattisgarh,2021,22.16,33.47,13.6,63.56,15.86,51.92,Synthetic data for visualization practice
C_District_09,Chhattisgarh,2019,21.37,32.48,14.92,48.98,26.88,54.84,Synthetic data for visualization practice
C_District_09,Chhattisgarh,2020,20.11,40.46,15.24,43.4,22.22,52.6,Synthetic data for visualization practice
C_District_09,Chhattisgarh,2021,27.41,40.54,14.83,62.77,22.17,43.93,Synthetic data for visualization practice
C_District_10,Chhattisgarh,2019,11.84,28.88,8.28,43.95,10.69,67.02,Synthetic data for visualization practice
C_District_10,Chhattisgarh,2020,16.91,32.88,11.19,56.56,20.24,58.19,Synthetic data for visualization practice
C_District_10,Chhattisgarh,2021,18.46,25.29,11.88,56.09,11.88,60.6,Synthetic data for visualization practice
C_District_11,Chhattisgarh,2019,20.64,33.42,12.59,52.96,21.72,55.06,Synthetic data for visualization practice
C_District_11,Chhattisgarh,2020,9.23,28.68,9.5,49.6,11.03,67.98,Synthetic data for visualization practice
C_District_11,Chhattisgarh,2021,13.61,27.53,16.92,52.47,10.4,62.4,Synthetic data for visualization practice
C_District_12,Chhattisgarh,2019,15.4,26.55,12.82,50.7,14.97,62.96,Synthetic data for visualization practice
C_District_12,Chhattisgarh,2020,11.7,22.78,7.08,44.32,15.18,70.48,Synthetic data for visualization practice
C_District_12,Chhattisgarh,2021,15.76,25.2,18.42,49.06,24.65,61.91,Synthetic data for visualization practice
C_District_13,Chhattisgarh,2019,23.54,28.86,15.31,49.21,26.45,54.77,Synthetic data for visualization practice
C_District_13,Chhattisgarh,2020,23.71,30.85,13.33,49.93,39.08,54.12,Synthetic data for visualization practice
C_District_13,Chhattisgarh,2021,31.55,37.45,14.59,51.32,31.43,43.96,Synthetic data for visualization practice
C_District_14,Chhattisgarh,2019,14.76,31.0,14.68,53.21,17.66,60.31,Synthetic data for visualization practice
C_District_14,Chhattisgarh,2020,13.41,32.04,13.38,55.16,17.66,60.97,Synthetic data for visualization practice
C_District_14,Chhattisgarh,2021,16.71,25.45,12.29,47.58,25.4,63.09,Synthetic data for visualization practice
C_District_15,Chhattisgarh,2019,25.76,37.75,16.96,64.74,28.11,45.72,Synthetic data for visualization practice
C_District_15,Chhattisgarh,2020,23.12,40.64,16.07,55.51,28.94,48.04,Synthetic data for visualization practice
C_District_15,Chhattisgarh,2021,19.99,37.94,14.87,61.53,19.78,51.35,Synthetic data for visualization practice
C_District_16,Chhattisgarh,2019,18.82,29.45,20.67,53.91,21.72,55.93,Synthetic data for visualization practice
C_District_16,Chhattisgarh,2020,17.67,23.71,12.52,58.4,19.25,61.5,Synthetic data for visualization practice
C_District_16,Chhattisgarh,2021,14.25,35.08,16.91,53.85,17.7,57.91,Synthetic data for visualization practice
C_District_17,Chhattisgarh,2019,17.99,27.91,11.89,50.6,24.37,60.5,Synthetic data for visualization practice
C_District_17,Chhattisgarh,2020,12.65,29.83,13.75,58.73,18.8,62.03,Synthetic data for visualization practice
C_District_17,Chhattisgarh,2021,19.64,34.05,14.27,58.49,21.36,54.21,Synthetic data for visualization practice
C_District_18,Chhattisgarh,2019,18.52,30.76,11.21,50.01,22.34,58.94,Synthetic data for visualization practice
C_District_18,Chhattisgarh,2020,12.26,30.5,16.06,45.43,15.69,63.31,Synthetic data for visualization practice
C_District_18,Chhattisgarh,2021,16.01,29.59,12.28,55.42,22.03,60.4,Synthetic data for visualization practice
C_District_19,Chhattisgarh,2019,21.2,31.06,12.17,57.04,27.15,55.31,Synthetic data for visualization practice
C_District_19,Chhattisgarh,2020,22.31,43.22,19.15,54.96,26.34,46.55,Synthetic data for visualization practice
C_District_19,Chhattisgarh,2021,18.22,28.67,17.47,55.65,17.85,57.5,Synthetic data for visualization practice
C_District_20,Chhattisgarh,2019,25.5,36.71,16.09,66.12,24.24,46.5,Synthetic data for visualization practice
C_District_20,Chhattisgarh,2020,20.45,33.27,15.6,57.1,26.21,53.76,Synthetic data for visualization practice
C_District_20,Chhattisgarh,2021,7.84,22.76,9.55,43.88,9.94,72.9,Synthetic data for visualization practice
C_District_21,Chhattisgarh,2019,20.6,28.44,14.0,58.33,23.66,56.35,Synthetic data for visualization practice
C_District_21,Chhattisgarh,2020,20.78,34.08,20.69,55.42,29.01,51.81,Synthetic data for visualization practice
C_District_21,Chhattisgarh,2021,17.48,31.98,13.99,53.2,19.99,57.85,Synthetic data for visualization practice
C_District_22,Chhattisgarh,2019,16.76,30.55,12.77,52.01,18.55,59.68,Synthetic data for visualization practice
C_District_22,Chhattisgarh,2020,23.81,34.7,16.95,54.77,25.72,50.3,Synthetic data for visualization practice
C_District_22,Chhattisgarh,2021,24.24,38.8,17.84,60.7,29.3,46.75,Synthetic data for visualization practice
C_District_23,Chhattisgarh,2019,21.45,31.19,13.79,56.85,20.46,54.59,Synthetic data for visualization practice
C_District_23,Chhattisgarh,2020,16.44,30.74,13.87,41.61,21.66,61.07,Synthetic data for visualization practice
C_District_23,Chhattisgarh,2021,15.99,30.16,17.54,46.32,17.21,59.92,Synthetic data for visualization practice
C_District_24,Chhattisgarh,2019,8.78,25.25,10.92,53.24,5.86,69.09,Synthetic data for visualization practice
C_District_24,Chhattisgarh,2020,23.83,33.62,18.52,57.39,30.17,49.96,Synthetic data for visualization practice
C_District_24,Chhattisgarh,2021,11.98,26.82,14.88,61.17,18.41,63.36,Synthetic data for visualization practice
C_District_25,Chhattisgarh,2019,11.35,30.45,8.43,52.13,14.37,65.35,Synthetic data for visualization practice
C_District_25,Chhattisgarh,2020,22.31,33.39,16.99,57.36,25.46,51.76,Synthetic data for visualization practice
C_District_25,Chhattisgarh,2021,20.41,31.82,17.04,43.17,14.28,56.18,Synthetic data for visualization practice
C_District_26,Chhattisgarh,2019,25.63,38.33,17.8,55.45,33.71,46.67,Synthetic data for visualization practice
C_District_26,Chhattisgarh,2020,19.57,30.33,17.71,59.59,27.26,54.93,Synthetic data for visualization practice
C_District_26,Chhattisgarh,2021,14.97,27.65,15.57,46.73,18.49,62.52,Synthetic data for visualization practice
C_District_27,Chhattisgarh,2019,22.79,38.58,14.94,55.75,29.2,49.63,Synthetic data for visualization practice
C_District_27,Chhattisgarh,2020,19.47,29.64,15.74,54.3,17.13,56.73,Synthetic data for visualization practice
C_District_27,Chhattisgarh,2021,14.3,35.4,14.08,46.25,16.6,59.7,Synthetic data for visualization practice
C_District_28,Chhattisgarh,2019,27.81,38.44,16.0,67.18,19.0,43.65,Synthetic data for visualization practice
C_District_28,Chhattisgarh,2020,11.21,36.14,12.51,40.62,7.14,63.12,Synthetic data for visualization practice
C_District_28,Chhattisgarh,2021,20.85,34.97,13.12,52.13,17.25,54.08,Synthetic data for visualization practice
C_District_29,Chhattisgarh,2019,23.48,39.12,17.01,50.6,22.67,48.96,Synthetic data for visualization practice
C_District_29,Chhattisgarh,2020,14.56,24.63,13.08,52.99,10.84,64.16,Synthetic data for visualization practice
C_District_29,Chhattisgarh,2021,10.62,27.47,13.91,54.21,12.17,65.46,Synthetic data for visualization practice
C_District_30,Chhattisgarh,2019,18.69,28.0,13.39,56.2,25.32,58.6,Synthetic data for visualization practice
C_District_30,Chhattisgarh,2020,15.64,27.46,16.92,52.56,27.16,60.8,Synthetic data for visualization practice
C_District_30,Chhattisgarh,2021,22.26,34.12,16.52,58.46,14.89,51.41,Synthetic data for visualization practice
G_District_01,Goa,2019,24.7,39.6,18.23,60.94,20.61,45.83,Synthetic data for visualization practice
G_District_01,Goa,2020,21.11,30.24,15.99,47.52,18.68,56.07,Synthetic data for visualization practice
G_District_01,Goa,2021,14.24,26.59,8.59,53.96,11.42,64.65,Synthetic data for visualization practice
G_District_02,Goa,2019,26.09,36.38,18.74,64.57,36.11,45.63,Synthetic data for visualization practice
G_District_02,Goa,2020,20.29,34.36,16.46,54.52,23.97,53.47,Synthetic data for visualization practice
G_District_02,Goa,2021,25.19,40.69,17.49,66.97,25.54,44.21,Synthetic data for visualization practice
G_District_03,Goa,2019,26.84,49.85,13.73,56.0,33.12,41.08,Synthetic data for visualization practice
G_District_03,Goa,2020,21.77,41.77,13.77,60.68,24.69,48.46,Synthetic data for visualization practice
G_District_03,Goa,2021,25.56,32.21,19.91,64.76,29.89,47.76,Synthetic data for visualization practice
G_District_04,Goa,2019,19.05,32.16,16.36,54.54,20.67,55.59,Synthetic data for visualization practice
G_District_04,Goa,2020,11.17,25.14,13.35,49.13,13.3,67.12,Synthetic data for visualization practice
G_District_04,Goa,2021,19.91,30.44,18.64,53.61,20.75,55.21,Synthetic data for visualization practice
G_District_05,Goa,2019,13.85,26.46,15.92,42.32,22.48,64.57,Synthetic data for visualization practice
G_District_05,Goa,2020,26.34,35.01,17.31,64.72,26.92,46.52,Synthetic data for visualization practice
G_District_05,Goa,2021,18.31,29.39,13.38,49.91,15.83,59.16,Synthetic data for visualization practice
G_District_06,Goa,2019,22.39,29.23,12.89,58.53,28.99,54.82,Synthetic data for visualization practice
G_District_06,Goa,2020,26.77,35.18,18.61,58.2,33.8,46.68,Synthetic data for visualization practice
G_District_06,Goa,2021,14.16,35.42,7.19,55.19,18.24,60.53,Synthetic data for visualization practice
G_District_07,Goa,2019,22.07,31.28,13.82,55.69,18.16,54.21,Synthetic data for visualization practice
G_District_07,Goa,2020,18.84,26.06,12.55,60.65,23.93,59.04,Synthetic data for visualization practice
G_District_07,Goa,2021,20.21,32.07,13.4,63.52,21.56,54.25,Synthetic data for visualization practice
G_District_08,Goa,2019,18.95,29.53,13.25,54.37,15.75,57.94,Synthetic data for visualization practice
G_District_08,Goa,2020,18.15,40.35,15.38,41.91,18.85,54.41,Synthetic data for visualization practice
G_District_08,Goa,2021,18.74,32.48,15.3,54.04,21.13,56.08,Synthetic data for visualization practice
G_District_09,Goa,2019,20.18,29.31,22.6,51.54,26.92,54.69,Synthetic data for visualization practice
G_District_09,Goa,2020,15.35,30.91,11.5,49.76,23.33,61.35,Synthetic data for visualization practice
G_District_09,Goa,2021,24.89,37.96,11.79,67.36,29.95,47.47,Synthetic data for visualization practice
G_District_10,Goa,2019,28.64,40.06,15.02,61.37,33.77,43.35,Synthetic data for visualization practice
G_District_10,Goa,2020,17.96,30.88,9.39,59.28,19.77,58.48,Synthetic data for visualization practice
G_District_10,Goa,2021,17.92,29.62,15.38,49.18,22.5,58.87,Synthetic data for visualization practice
G_District_11,Goa,2019,24.53,34.69,13.26,58.39,29.05,50.29,Synthetic data for visualization practice
G_District_11,Goa,2020,12.69,25.98,15.28,48.43,15.95,65.01,Synthetic data for visualization practice
G_District_11,Goa,2021,25.55,37.46,17.23,56.76,23.06,47.15,Synthetic data for visualization practice
G_District_12,Goa,2019,14.56,31.8,13.19,50.78,8.47,60.87,Synthetic data for visualization practice
G_District_12,Goa,2020,18.24,29.67,11.72,62.72,28.92,57.64,Synthetic data for visualization practice
G_District_12,Goa,2021,16.84,25.21,13.88,50.58,29.9,62.18,Synthetic data for visualization practice
G_District_13,Goa,2019,26.73,38.6,14.95,62.99,34.17,45.38,Synthetic data for visualization practice
G_District_13,Goa,2020,15.99,33.24,9.93,60.38,17.9,58.55,Synthetic data for visualization practice
G_District_13,Goa,2021,22.85,30.27,13.41,51.04,21.84,54.91,Synthetic data for visualization practice
G_District_14,Goa,2019,19.41,28.62,11.69,54.37,25.1,58.5,Synthetic data for visualization practice
G_District_14,Goa,2020,16.7,37.37,13.97,59.2,21.37,54.88,Synthetic data for visualization practice
G_District_14,Goa,2021,19.23,32.35,10.56,61.64,20.9,56.02,Synthetic data for visualization practice
G_District_15,Goa,2019,19.17,31.89,12.63,60.64,26.24,55.83,Synthetic data for visualization practice
G_District_15,Goa,2020,20.86,38.9,18.11,59.38,23.19,49.52,Synthetic data for visualization practice
G_District_15,Goa,2021,11.0,24.03,14.57,50.0,11.06,67.32,Synthetic data for visualization practice
G_District_16,Goa,2019,13.42,29.17,9.22,53.37,19.82,63.91,Synthetic data for visualization practice
G_District_16,Goa,2020,25.81,39.59,15.39,62.86,23.79,45.51,Synthetic data for visualization practice
G_District_16,Goa,2021,10.36,29.03,7.19,48.55,11.36,67.76,Synthetic data for visualization practice
G_District_17,Goa,2019,17.52,33.33,14.43,60.39,25.0,55.94,Synthetic data for visualization practice
G_District_17,Goa,2020,18.08,30.96,11.16,55.78,24.34,58.34,Synthetic data for visualization practice
G_District_17,Goa,2021,30.04,36.03,16.84,58.65,28.42,44.11,Synthetic data for visualization practice
G_District_18,Goa,2019,19.27,36.95,13.28,59.46,22.61,53.21,Synthetic data for visualization practice
G_District_18,Goa,2020,20.0,31.74,21.07,50.92,23.7,54.17,Synthetic data for visualization practice
G_District_18,Goa,2021,16.86,38.42,16.43,49.57,22.02,54.94,Synthetic data for visualization practice
G_District_19,Goa,2019,19.6,35.81,15.87,55.82,25.72,53.28,Synthetic data for visualization practice
G_District_19,Goa,2020,21.29,34.63,15.47,52.63,23.63,53.12,Synthetic data for visualization practice
G_District_19,Goa,2021,23.53,36.65,15.08,66.09,35.78,48.42,Synthetic data for visualization practice
G_District_20,Goa,2019,13.39,30.66,9.91,48.31,16.9,63.74,Synthetic data for visualization practice
G_District_20,Goa,2020,11.56,26.36,9.17,54.94,6.98,66.58,Synthetic data for visualization practice
G_District_20,Goa,2021,16.48,28.26,18.12,56.46,12.89,58.78,Synthetic data for visualization practice
G_District_21,Goa,2019,18.43,31.09,14.18,60.34,17.48,56.41,Synthetic data for visualization practice
G_District_21,Goa,2020,17.54,35.46,16.41,52.6,18.66,55.43,Synthetic data for visualization practice
G_District_21,Goa,2021,13.82,25.37,14.25,50.29,21.88,64.44,Synthetic data for visualization practice
G_District_22,Goa,2019,18.88,31.44,15.19,50.75,28.08,57.01,Synthetic data for visualization practice
G_District_22,Goa,2020,26.68,37.83,21.16,51.85,30.82,45.62,Synthetic data for visualization practice
G_District_22,Goa,2021,19.51,29.07,15.63,49.15,20.75,57.79,Synthetic data for visualization practice
G_District_23,Goa,2019,26.06,28.92,14.1,61.77,33.18,51.19,Synthetic data for visualization practice
G_District_23,Goa,2020,13.17,34.22,13.64,46.47,25.92,61.29,Synthetic data for visualization practice
G_District_23,Goa,2021,22.97,31.88,16.64,65.84,32.74,50.81,Synthetic data for visualization practice
G_District_24,Goa,2019,20.41,36.39,11.96,58.49,21.86,53.12,Synthetic data for visualization practice
G_District_24,Goa,2020,15.77,29.76,15.19,52.84,14.2,60.02,Synthetic data for visualization practice
G_District_24,Goa,2021,10.29,30.23,13.69,48.17,5.0,65.33,Synthetic data for visualization practice
G_District_25,Goa,2019,22.92,38.78,16.64,52.41,26.56,49.42,Synthetic data for visualization practice
G_District_25,Goa,2020,9.59,30.32,11.51,52.24,7.31,65.88,Synthetic data for visualization practice
G_District_25,Goa,2021,24.84,34.48,17.38,60.68,25.42,48.57,Synthetic data for visualization practice
G_District_26,Goa,2019,11.22,31.57,16.67,50.49,10.18,62.67,Synthetic data for visualization practice
G_District_26,Goa,2020,20.31,36.65,14.18,56.85,20.07,52.65,Synthetic data for visualization practice
G_District_26,Goa,2021,29.38,41.13,17.46,60.83,30.39,41.57,Synthetic data for visualization practice
G_District_27,Goa,2019,19.3,28.38,18.07,48.84,21.33,57.62,Synthetic data for visualization practice
G_District_27,Goa,2020,17.81,39.76,13.39,50.24,19.12,54.32,Synthetic data for visualization practice
G_District_27,Goa,2021,22.03,22.87,13.0,69.98,18.28,56.54,Synthetic data for visualization practice
G_District_28,Goa,2019,15.79,30.95,16.06,61.46,16.21,57.85,Synthetic data for visualization practice
G_District_28,Goa,2020,20.05,36.18,13.27,49.87,26.67,54.41,Synthetic data for visualization practice
G_District_28,Goa,2021,8.7,23.2,9.23,49.22,11.63,71.29,Synthetic data for visualization practice
G_District_29,Goa,2019,6.62,23.75,10.14,53.9,5.0,71.7,Synthetic data for visualization practice
G_District_29,Goa,2020,19.11,32.43,14.67,50.24,17.21,56.56,Synthetic data for visualization practice
G_District_29,Goa,2021,16.31,31.65,13.49,47.88,21.09,59.9,Synthetic data for visualization practice
G_District_30,Goa,2019,18.49,32.75,14.41,49.68,23.34,57.05,Synthetic data for visualization practice
G_District_30,Goa,2020,16.6,27.35,10.09,51.0,20.84,62.37,Synthetic data for visualization practice
G_District_30,Goa,2021,18.29,42.14,16.79,60.41,24.32,50.2,Synthetic data for visualization practice
G_District_01,Gujarat,2019,26.15,26.14,15.42,61.79,39.12,52.11,Synthetic data for visualization practice
G_District_01,Gujarat,2020,22.79,39.82,16.65,60.81,27.21,47.74,Synthetic data for visualization practice
G_District_01,Gujarat,2021,14.48,36.42,13.87,48.29,19.57,58.8,Synthetic data for visualization practice
G_District_02,Gujarat,2019,13.54,24.32,9.63,49.83,15.76,66.64,Synthetic data for visualization practice
G_District_02,Gujarat,2020,19.21,33.74,15.47,50.77,16.16,55.51,Synthetic data for visualization practice
G_District_02,Gujarat,2021,18.79,35.2,14.46,59.61,19.46,54.09,Synthetic data for visualization practice
G_District_03,Gujarat,2019,20.99,26.29,15.92,59.27,28.1,56.4,Synthetic data for visualization practice
G_District_03,Gujarat,2020,22.89,33.19,13.7,59.64,26.58,52.04,Synthetic data for visualization practice
G_District_03,Gujarat,2021,19.36,37.09,12.63,51.67,25.54,54.42,Synthetic data for visualization practice
G_District_04,Gujarat,2019,22.69,35.63,16.06,43.02,30.48,52.76,Synthetic data for visualization practice
G_District_04,Gujarat,2020,16.78,29.8,14.81,58.55,18.05,58.45,Synthetic data for visualization practice
G_District_04,Gujarat,2021,16.01,32.1,13.19,51.63,22.15,59.44,Synthetic data for visualization practice
G_District_05,Gujarat,2019,22.48,32.81,15.61,52.7,40.36,53.02,Synthetic data for visualization practice
G_District_05,Gujarat,2020,26.47,36.37,15.94,58.65,30.97,47.06,Synthetic data for visualization practice
G_District_05,Gujarat,2021,19.93,32.21,15.61,58.72,23.94,54.46,Synthetic data for visualization practice
G_District_06,Gujarat,2019,8.48,30.13,12.75,50.04,12.23,66.82,Synthetic data for visualization practice
G_District_06,Gujarat,2020,17.62,29.26,14.83,57.73,9.58,58.16,Synthetic data for visualization practice
G_District_06,Gujarat,2021,12.33,29.5,20.23,51.52,12.68,61.59,Synthetic data for visualization practice
G_District_07,Gujarat,2019,25.56,32.1,19.04,51.12,31.74,50.12,Synthetic data for visualization practice
G_District_07,Gujarat,2020,26.58,26.02,15.79,62.54,34.5,51.61,Synthetic data for visualization practice
G_District_07,Gujarat,2021,21.05,30.17,12.0,55.32,21.64,56.18,Synthetic data for visualization practice
G_District_08,Gujarat,2019,23.39,31.46,16.63,57.54,23.1,51.94,Synthetic data for visualization practice
G_District_08,Gujarat,2020,11.1,28.15,17.73,52.11,14.65,63.91,Synthetic data for visualization practice
G_District_08,Gujarat,2021,5.07,27.72,11.03,51.0,13.46,71.12,Synthetic data for visualization practice
G_District_09,Gujarat,2019,22.54,32.61,14.57,56.78,23.65,52.77,Synthetic data for visualization practice
G_District_09,Gujarat,2020,20.7,37.28,14.02,48.82,24.99,53.27,Synthetic data for visualization practice
G_District_09,Gujarat,2021,24.45,33.18,15.95,58.23,35.03,50.33,Synthetic data for visualization practice
G_District_10,Gujarat,2019,20.43,33.94,9.21,64.69,24.64,54.22,Synthetic data for visualization practice
G_District_10,Gujarat,2020,21.8,28.47,14.27,52.81,23.73,56.12,Synthetic data for visualization practice
G_District_10,Gujarat,2021,24.52,38.52,14.5,55.68,35.05,48.42,Synthetic data for visualization practice
G_District_11,Gujarat,2019,19.33,27.37,9.97,49.13,32.73,60.49,Synthetic data for visualization practice
G_District_11,Gujarat,2020,12.09,25.71,7.99,44.77,18.07,68.36,Synthetic data for visualization practice
G_District_11,Gujarat,2021,25.89,36.99,13.97,51.15,32.15,48.93,Synthetic data for visualization practice
G_District_12,Gujarat,2019,20.72,37.01,16.76,51.78,20.21,52.13,Synthetic data for visualization practice
G_District_12,Gujarat,2020,17.41,30.77,19.45,44.51,20.69,58.17,Synthetic data for visualization practice
G_District_12,Gujarat,2021,21.01,27.69,13.64,53.01,18.87,57.3,Synthetic data for visualization practice
G_District_13,Gujarat,2019,16.78,33.9,15.47,48.56,14.54,57.7,Synthetic data for visualization practice
G_District_13,Gujarat,2020,18.78,31.0,20.08,54.68,26.32,55.25,Synthetic data for visualization practice
G_District_13,Gujarat,2021,17.11,26.0,11.28,47.92,17.4,62.74,Synthetic data for visualization practice
G_District_14,Gujarat,2019,23.34,36.93,13.09,54.46,26.56,50.77,Synthetic data for visualization practice
G_District_14,Gujarat,2020,17.16,30.32,15.39,51.41,21.9,58.78,Synthetic data for visualization practice
G_District_14,Gujarat,2021,23.65,34.32,18.86,60.17,21.58,49.24,Synthetic data for visualization practice
G_District_15,Gujarat,2019,11.41,24.85,12.63,52.49,12.56,66.79,Synthetic data for visualization practice
G_District_15,Gujarat,2020,23.91,33.37,10.77,57.89,29.06,52.28,Synthetic data for visualization practice
G_District_15,Gujarat,2021,18.8,40.76,17.8,58.14,20.45,50.52,Synthetic data for visualization practice
G_District_16,Gujarat,2019,17.53,28.54,15.63,55.18,19.67,58.74,Synthetic data for visualization practice
G_District_16,Gujarat,2020,19.19,32.97,10.48,54.22,15.64,56.89,Synthetic data for visualization practice
G_District_16,Gujarat,2021,23.79,33.74,18.02,58.4,25.23,49.93,Synthetic data for visualization practice
G_District_17,Gujarat,2019,16.25,35.72,14.87,60.04,10.69,55.68,Synthetic data for visualization practice
G_District_17,Gujarat,2020,24.44,31.8,20.44,60.57,27.99,49.33,Synthetic data for visualization practice
G_District_17,Gujarat,2021,14.84,31.19,9.53,55.14,17.89,61.41,Synthetic data for visualization practice
G_District_18,Gujarat,2019,17.86,30.77,12.57,52.8,22.59,58.64,Synthetic data for visualization practice
G_District_18,Gujarat,2020,29.43,39.6,17.29,65.35,33.22,41.66,Synthetic data for visualization practice
G_District_18,Gujarat,2021,19.86,32.61,10.41,60.52,27.91,55.6,Synthetic data for visualization practice
G_District_19,Gujarat,2019,13.28,31.74,11.06,47.32,23.02,63.08,Synthetic data for visualization practice
G_District_19,Gujarat,2020,22.53,32.44,14.01,57.27,26.84,52.97,Synthetic data for visualization practice
G_District_19,Gujarat,2021,14.45,28.62,14.46,50.5,19.59,62.22,Synthetic data for visualization practice
G_District_20,Gujarat,2019,14.33,28.1,12.03,52.06,28.27,63.07,Synthetic data for visualization practice
G_District_20,Gujarat,2020,24.28,32.51,17.54,58.76,25.28,50.24,Synthetic data for visualization practice
G_District_20,Gujarat,2021,17.85,26.06,15.51,55.55,9.37,59.7,Synthetic data for visualization practice
G_District_21,Gujarat,2019,20.02,26.77,14.84,52.2,19.16,58.32,Synthetic data for visualization practice
G_District_21,Gujarat,2020,18.12,36.28,13.67,57.68,17.89,54.61,Synthetic data for visualization practice
G_District_21,Gujarat,2021,16.96,30.3,13.49,49.54,22.98,59.81,Synthetic data for visualization practice
G_District_22,Gujarat,2019,15.76,24.06,15.0,48.17,24.6,63.64,Synthetic data for visualization practice
G_District_22,Gujarat,2020,23.13,29.64,12.25,65.41,25.07,53.19,Synthetic data for visualization practice
G_District_22,Gujarat,2021,19.72,29.11,13.65,48.87,25.42,58.24,Synthetic data for visualization practice
G_District_23,Gujarat,2019,19.96,31.38,12.38,52.84,17.6,56.7,Synthetic data for visualization practice
G_District_23,Gujarat,2020,9.39,26.48,14.41,38.67,5.0,69.13,Synthetic data for visualization practice
G_District_23,Gujarat,2021,26.6,41.64,16.52,64.36,31.17,43.29,Synthetic data for visualization practice
G_District_24,Gujarat,2019,20.21,26.51,12.24,55.17,28.23,58.63,Synthetic data for visualization practice
G_District_24,Gujarat,2020,17.74,24.52,9.12,60.39,17.47,61.76,Synthetic data for visualization practice
G_District_24,Gujarat,2021,20.11,33.05,17.58,57.17,29.57,53.54,Synthetic data for visualization practice
G_District_25,Gujarat,2019,20.05,33.15,14.97,53.67,27.71,54.85,Synthetic data for visualization practice
G_District_25,Gujarat,2020,16.74,31.35,11.56,56.89,17.31,58.93,Synthetic data for visualization practice
G_District_25,Gujarat,2021,13.61,28.3,14.3,40.25,13.21,64.63,Synthetic data for visualization practice
G_District_26,Gujarat,2019,20.92,31.59,15.11,65.16,18.65,53.17,Synthetic data for visualization practice
G_District_26,Gujarat,2020,22.51,34.54,16.67,56.98,21.44,51.18,Synthetic data for visualization practice
G_District_26,Gujarat,2021,21.07,29.65,13.67,56.19,29.32,55.79,Synthetic data for visualization practice
G_District_27,Gujarat,2019,24.15,31.38,14.2,50.52,24.07,53.15,Synthetic data for visualization practice
G_District_27,Gujarat,2020,26.24,38.35,13.21,59.05,33.31,47.02,Synthetic data for visualization practice
G_District_27,Gujarat,2021,18.71,36.59,20.46,49.42,22.67,53.19,Synthetic data for visualization practice
G_District_28,Gujarat,2019,19.14,36.7,14.45,54.63,13.32,53.81,Synthetic data for visualization practice
G_District_28,Gujarat,2020,17.23,29.96,13.66,56.24,13.74,58.7,Synthetic data for visualization practice
G_District_28,Gujarat,2021,16.27,30.99,16.06,60.81,18.14,57.54,Synthetic data for visualization practice
G_District_29,Gujarat,2019,21.63,31.07,17.04,56.92,27.69,53.51,Synthetic data for visualization practice
G_District_29,Gujarat,2020,12.68,28.64,11.89,57.65,12.11,63.32,Synthetic data for visualization practice
G_District_29,Gujarat,2021,25.11,36.86,16.48,53.64,25.43,48.5,Synthetic data for visualization practice
G_District_30,Gujarat,2019,16.42,28.87,13.3,54.74,24.58,60.23,Synthetic data for visualization practice
G_District_30,Gujarat,2020,20.5,35.15,14.67,40.98,27.72,55.48,Synthetic data for visualization practice
G_District_30,Gujarat,2021,21.84,27.28,15.74,64.12,21.1,54.55,Synthetic data for visualization practice
H_District_01,Haryana,2019,17.43,38.1,14.15,53.56,26.08,54.73,Synthetic data for visualization practice
H_District_01,Haryana,2020,28.53,34.19,15.52,63.02,35.54,45.97,Synthetic data for visualization practice
H_District_01,Haryana,2021,12.58,28.71,9.44,58.26,21.69,64.01,Synthetic data for visualization practice
H_District_02,Haryana,2019,15.03,22.71,11.01,56.85,18.41,64.79,Synthetic data for visualization practice
H_District_02,Haryana,2020,31.38,38.89,16.77,57.62,40.37,41.78,Synthetic data for visualization practice
H_District_02,Haryana,2021,27.97,45.85,20.48,51.48,39.16,40.83,Synthetic data for visualization practice
H_District_03,Haryana,2019,17.54,31.41,21.88,48.02,19.61,56.5,Synthetic data for visualization practice
H_District_03,Haryana,2020,23.09,34.69,16.05,51.78,25.89,51.6,Synthetic data for visualization practice
H_District_03,Haryana,2021,22.3,35.58,17.0,63.56,25.04,49.73,Synthetic data for visualization practice
H_District_04,Haryana,2019,14.41,27.53,13.05,52.63,19.86,62.9,Synthetic data for visualization practice
H_District_04,Haryana,2020,13.0,24.4,9.12,49.28,16.02,67.27,Synthetic data for visualization practice
H_District_04,Haryana,2021,8.99,25.37,8.91,49.74,9.08,69.99,Synthetic data for visualization practice
H_District_05,Haryana,2019,16.8,33.39,12.42,49.01,20.21,58.79,Synthetic data for visualization practice
H_District_05,Haryana,2020,27.49,39.52,19.19,49.98,32.43,44.99,Synthetic data for visualization practice
H_District_05,Haryana,2021,26.62,40.68,17.62,59.55,33.53,44.15,Synthetic data for visualization practice
H_District_06,Haryana,2019,20.55,36.77,11.17,52.65,26.33,53.93,Synthetic data for visualization practice
H_District_06,Haryana,2020,26.06,35.38,14.31,60.62,38.08,48.07,Synthetic data for visualization practice
H_District_06,Haryana,2021,16.68,34.57,12.42,56.78,18.61,57.13,Synthetic data for visualization practice
H_District_07,Haryana,2019,25.28,48.87,18.96,60.05,32.46,40.65,Synthetic data for visualization practice
H_District_07,Haryana,2020,17.13,37.13,18.56,60.53,18.95,53.09,Synthetic data for visualization practice
H_District_07,Haryana,2021,20.05,34.98,11.91,47.59,30.57,55.76,Synthetic data for visualization practice
H_District_08,Haryana,2019,25.31,37.91,17.66,53.53,28.36,47.47,Synthetic data for visualization practice
H_District_08,Haryana,2020,15.66,22.6,15.77,48.41,23.96,64.18,Synthetic data for visualization practice
H_District_08,Haryana,2021,27.27,34.52,18.29,56.42,30.81,46.97,Synthetic data for visualization practice
H_District_09,Haryana,2019,17.2,29.7,19.24,45.55,21.11,58.79,Synthetic data for visualization practice
H_District_09,Haryana,2020,16.63,34.78,14.9,54.7,22.93,56.63,Synthetic data for visualization practice
H_District_09,Haryana,2021,12.2,32.42,17.48,52.33,13.64,60.93,Synthetic data for visualization practice
H_District_10,Haryana,2019,29.94,38.88,21.14,57.76,28.46,41.61,Synthetic data for visualization practice
H_District_10,Haryana,2020,23.05,36.27,13.85,52.93,25.8,51.34,Synthetic data for visualization practice
H_District_10,Haryana,2021,28.73,43.85,21.69,61.35,33.01,39.38,Synthetic data for visualization practice
H_District_11,Haryana,2019,26.43,32.61,14.02,61.64,31.44,49.1,Synthetic data for visualization practice
H_District_11,Haryana,2020,18.33,36.37,16.48,60.56,20.75,53.12,Synthetic data for visualization practice
H_District_11,Haryana,2021,12.42,31.61,9.29,46.8,8.47,64.46,Synthetic data for visualization practice
H_District_12,Haryana,2019,24.14,43.37,14.0,60.32,22.28,45.76,Synthetic data for visualization practice
H_District_12,Haryana,2020,22.49,35.96,16.38,65.05,26.04,49.36,Synthetic data for visualization practice
H_District_12,Haryana,2021,20.24,36.31,17.29,56.73,29.85,51.96,Synthetic data for visualization practice
H_District_13,Haryana,2019,22.04,34.61,10.46,55.92,26.25,53.54,Synthetic data for visualization practice
H_District_13,Haryana,2020,14.58,35.76,14.91,51.33,20.26,58.28,Synthetic data for visualization practice
H_District_13,Haryana,2021,19.43,36.65,12.79,54.6,20.98,54.1,Synthetic data for visualization practice
H_District_14,Haryana,2019,11.14,26.41,12.45,46.73,7.85,67.13,Synthetic data for visualization practice
H_District_14,Haryana,2020,25.07,34.49,17.0,68.27,22.36,47.36,Synthetic data for visualization practice
H_District_14,Haryana,2021,22.1,34.17,19.98,60.11,17.55,50.23,Synthetic data for visualization practice
H_District_15,Haryana,2019,15.26,30.7,16.06,51.85,18.42,59.85,Synthetic data for visualization practice
H_District_15,Haryana,2020,15.41,34.45,16.92,48.68,16.66,58.07,Synthetic data for visualization practice
H_District_15,Haryana,2021,15.95,36.88,16.85,46.11,14.2,56.83,Synthetic data for visualization practice
H_District_16,Haryana,2019,13.65,35.92,9.85,42.78,13.54,61.75,Synthetic data for visualization practice
H_District_16,Haryana,2020,15.7,33.12,15.02,58.09,14.26,57.66,Synthetic data for visualization practice
H_District_16,Haryana,2021,14.81,28.9,15.53,45.01,7.71,62.3,Synthetic data for visualization practice
H_District_17,Haryana,2019,24.85,29.33,16.29,52.72,26.15,52.66,Synthetic data for visualization practice
H_District_17,Haryana,2020,24.75,40.76,14.85,62.72,28.03,45.96,Synthetic data for visualization practice
H_District_17,Haryana,2021,20.78,35.88,17.59,54.21,34.02,52.03,Synthetic data for visualization practice
H_District_18,Haryana,2019,17.59,30.96,14.3,57.01,25.8,57.61,Synthetic data for visualization practice
H_District_18,Haryana,2020,13.09,29.6,15.79,61.95,14.81,60.7,Synthetic data for visualization practice
H_District_18,Haryana,2021,12.7,24.64,15.72,45.56,8.64,65.97,Synthetic data for visualization practice
H_District_19,Haryana,2019,15.45,31.79,15.07,52.01,15.78,59.42,Synthetic data for visualization practice
H_District_19,Haryana,2020,15.01,30.04,16.66,48.22,10.59,60.74,Synthetic data for visualization practice
H_District_19,Haryana,2021,11.68,33.61,13.32,48.59,8.69,62.57,Synthetic data for visualization practice
H_District_20,Haryana,2019,24.0,32.3,17.43,48.32,36.52,52.18,Synthetic data for visualization practice
H_District_20,Haryana,2020,27.1,40.5,18.17,58.81,33.14,43.8,Synthetic data for visualization practice
H_District_20,Haryana,2021,15.81,26.79,15.17,56.31,16.78,60.96,Synthetic data for visualization practice
H_District_21,Haryana,2019,23.5,33.74,14.68,59.64,24.96,50.98,Synthetic data for visualization practice
H_District_21,Haryana,2020,18.62,27.99,12.45,57.28,19.65,58.78,Synthetic data for visualization practice
H_District_21,Haryana,2021,19.75,35.55,13.61,54.92,28.56,54.1,Synthetic data for visualization practice
H_District_22,Haryana,2019,23.74,42.69,14.18,52.5,26.1,47.53,Synthetic data for visualization practice
H_District_22,Haryana,2020,14.7,20.67,13.16,48.83,15.39,66.63,Synthetic data for visualization practice
H_District_22,Haryana,2021,22.32,31.87,17.06,60.12,25.93,52.07,Synthetic data for visualization practice
H_District_23,Haryana,2019,9.47,22.85,10.51,48.53,16.63,70.57,Synthetic data for visualization practice
H_District_23,Haryana,2020,12.87,24.18,13.64,52.49,13.47,65.65,Synthetic data for visualization practice
H_District_23,Haryana,2021,19.63,26.63,13.36,52.72,22.9,59.06,Synthetic data for visualization practice
H_District_24,Haryana,2019,22.62,37.69,13.19,60.1,20.63,50.08,Synthetic data for visualization practice
H_District_24,Haryana,2020,18.11,35.35,14.13,46.72,24.59,56.59,Synthetic data for visualization practice
H_District_24,Haryana,2021,20.46,32.34,15.02,51.71,23.29,55.2,Synthetic data for visualization practice
H_District_25,Haryana,2019,20.56,34.74,12.25,50.9,23.76,54.87,Synthetic data for visualization practice
H_District_25,Haryana,2020,13.42,24.53,13.69,52.58,8.59,65.01,Synthetic data for visualization practice
H_District_25,Haryana,2021,18.94,32.16,18.91,62.88,28.28,53.66,Synthetic data for visualization practice
H_District_26,Haryana,2019,17.15,34.31,13.89,55.95,23.93,56.57,Synthetic data for visualization practice
H_District_26,Haryana,2020,15.91,31.41,14.59,54.81,17.14,58.97,Synthetic data for visualization practice
H_District_26,Haryana,2021,12.6,35.43,19.37,52.43,17.52,58.52,Synthetic data for visualization practice
H_District_27,Haryana,2019,19.45,38.06,11.83,54.02,19.86,53.75,Synthetic data for visualization practice
H_District_27,Haryana,2020,24.25,33.96,12.15,60.87,26.65,50.84,Synthetic data for visualization practice
H_District_27,Haryana,2021,24.98,37.36,15.06,54.01,33.15,48.71,Synthetic data for visualization practice
H_District_28,Haryana,2019,20.69,39.39,12.54,52.69,22.21,52.09,Synthetic data for visualization practice
H_District_28,Haryana,2020,16.64,34.29,13.69,47.85,20.61,58.26,Synthetic data for visualization practice
H_District_28,Haryana,2021,18.49,35.91,15.61,56.32,19.96,54.12,Synthetic data for visualization practice
H_District_29,Haryana,2019,15.58,31.72,13.06,60.58,19.5,58.67,Synthetic data for visualization practice
H_District_29,Haryana,2020,25.52,37.55,16.16,52.28,30.22,48.12,Synthetic data for visualization practice
H_District_29,Haryana,2021,17.92,32.78,15.65,58.26,19.31,55.84,Synthetic data for visualization practice
H_District_30,Haryana,2019,19.78,35.96,13.97,54.32,15.33,53.85,Synthetic data for visualization practice
H_District_30,Haryana,2020,17.76,33.66,20.78,54.49,19.39,54.56,Synthetic data for visualization practice
H_District_30,Haryana,2021,15.55,28.61,16.96,54.12,24.75,60.05,Synthetic data for visualization practice
HP_District_01,Himachal Pradesh,2019,18.86,35.07,19.51,44.28,31.26,54.88,Synthetic data for visualization practice
HP_District_01,Himachal Pradesh,2020,17.97,35.64,14.47,41.93,35.07,57.17,Synthetic data for visualization practice
HP_District_01,Himachal Pradesh,2021,25.61,37.54,17.86,56.59,27.56,46.9,Synthetic data for visualization practice
HP_District_02,Himachal Pradesh,2019,28.26,42.06,12.1,52.8,29.12,44.81,Synthetic data for visualization practice
HP_District_02,Himachal Pradesh,2020,12.31,28.95,14.06,42.85,18.35,65.03,Synthetic data for visualization practice
HP_District_02,Himachal Pradesh,2021,25.15,33.64,15.86,48.6,29.71,51.02,Synthetic data for visualization practice
HP_District_03,Himachal Pradesh,2019,21.09,35.11,15.88,54.39,24.7,52.65,Synthetic data for visualization practice
HP_District_03,Himachal Pradesh,2020,24.66,35.18,16.96,57.1,26.65,49.03,Synthetic data for visualization practice
HP_District_03,Himachal Pradesh,2021,19.63,30.58,15.87,54.9,20.12,56.01,Synthetic data for visualization practice
HP_District_04,Himachal Pradesh,2019,16.67,24.59,15.13,54.0,20.36,61.73,Synthetic data for visualization practice
HP_District_04,Himachal Pradesh,2020,21.14,41.21,14.34,51.36,28.6,50.48,Synthetic data for visualization practice
HP_District_04,Himachal Pradesh,2021,10.43,33.87,16.04,51.79,15.7,62.14,Synthetic data for visualization practice
HP_District_05,Himachal Pradesh,2019,26.11,35.29,20.12,62.27,36.67,46.09,Synthetic data for visualization practice
HP_District_05,Himachal Pradesh,2020,29.41,36.59,15.82,51.88,39.4,45.64,Synthetic data for visualization practice
HP_District_05,Himachal Pradesh,2021,22.55,36.8,15.69,51.69,22.04,51.1,Synthetic data for visualization practice
HP_District_06,Himachal Pradesh,2019,23.62,35.66,13.91,61.69,27.87,49.84,Synthetic data for visualization practice
HP_District_06,Himachal Pradesh,2020,10.9,38.28,8.95,47.88,5.0,62.28,Synthetic data for visualization practice
HP_District_06,Himachal Pradesh,2021,17.01,35.5,15.43,53.82,20.73,55.93,Synthetic data for visualization practice
HP_District_07,Himachal Pradesh,2019,29.24,38.69,17.8,52.45,23.09,44.06,Synthetic data for visualization practice
HP_District_07,Himachal Pradesh,2020,20.98,28.2,9.85,55.8,19.17,57.79,Synthetic data for visualization practice
HP_District_07,Himachal Pradesh,2021,25.04,34.43,11.61,60.54,32.56,50.19,Synthetic data for visualization practice
HP_District_08,Himachal Pradesh,2019,14.53,33.05,16.46,54.36,7.5,58.76,Synthetic data for visualization practice
HP_District_08,Himachal Pradesh,2020,22.07,37.61,10.97,48.84,24.55,52.93,Synthetic data for visualization practice
HP_District_08,Himachal Pradesh,2021,14.76,31.67,14.5,57.18,14.82,59.43,Synthetic data for visualization practice
HP_District_09,Himachal Pradesh,2019,18.74,28.91,14.21,55.79,20.04,57.92,Synthetic data for visualization practice
HP_District_09,Himachal Pradesh,2020,16.98,33.61,12.76,62.68,5.0,56.38,Synthetic data for visualization practice
HP_District_09,Himachal Pradesh,2021,20.44,31.29,19.24,54.76,23.71,54.02,Synthetic data for visualization practice
HP_District_10,Himachal Pradesh,2019,26.37,36.28,19.37,71.83,32.02,44.18,Synthetic data for visualization practice
HP_District_10,Himachal Pradesh,2020,21.55,34.53,18.66,53.01,25.81,51.94,Synthetic data for visualization practice
HP_District_10,Himachal Pradesh,2021,14.29,25.13,12.28,51.01,21.64,64.67,Synthetic data for visualization practice
HP_District_11,Himachal Pradesh,2019,19.78,29.96,18.38,60.49,28.2,54.61,Synthetic data for visualization practice
HP_District_11,Himachal Pradesh,2020,19.23,37.08,12.32,56.46,24.65,53.91,Synthetic data for visualization practice
HP_District_11,Himachal Pradesh,2021,29.81,35.3,18.48,59.03,40.36,44.1,Synthetic data for visualization practice
HP_District_12,Himachal Pradesh,2019,26.88,35.54,15.78,54.66,30.04,47.8,Synthetic data for visualization practice
HP_District_12,Himachal Pradesh,2020,18.56,28.16,19.37,56.4,24.09,56.8,Synthetic data for visualization practice
HP_District_12,Himachal Pradesh,2021,25.68,39.21,15.39,60.05,29.14,46.23,Synthetic data for visualization practice
HP_District_13,Himachal Pradesh,2019,22.71,32.96,12.36,57.49,26.71,53.02,Synthetic data for visualization practice
HP_District_13,Himachal Pradesh,2020,13.54,31.48,15.8,63.44,22.21,59.17,Synthetic data for visualization practice
HP_District_13,Himachal Pradesh,2021,16.88,26.85,14.74,53.98,20.9,60.56,Synthetic data for visualization practice
HP_District_14,Himachal Pradesh,2019,10.87,31.69,10.79,48.89,17.84,64.89,Synthetic data for visualization practice
HP_District_14,Himachal Pradesh,2020,10.24,26.52,12.53,51.06,9.07,67.13,Synthetic data for visualization practice
HP_District_14,Himachal Pradesh,2021,25.22,39.72,19.92,61.24,29.13,44.8,Synthetic data for visualization practice
HP_District_15,Himachal Pradesh,2019,25.99,38.89,12.86,54.69,28.67,47.7,Synthetic data for visualization practice
HP_District_15,Himachal Pradesh,2020,20.17,33.01,17.88,61.68,19.69,52.75,Synthetic data for visualization practice
HP_District_15,Himachal Pradesh,2021,27.12,32.77,17.99,56.59,30.0,48.04,Synthetic data for visualization practice
HP_District_16,Himachal Pradesh,2019,22.26,36.09,20.61,57.36,20.53,49.36,Synthetic data for visualization practice
HP_District_16,Himachal Pradesh,2020,29.35,38.23,14.14,66.63,39.67,43.16,Synthetic data for visualization practice
HP_District_16,Himachal Pradesh,2021,15.52,35.66,16.78,57.75,19.02,56.06,Synthetic data for visualization practice
HP_District_17,Himachal Pradesh,2019,20.69,36.51,19.06,57.29,25.22,50.88,Synthetic data for visualization practice
HP_District_17,Himachal Pradesh,2020,31.36,38.31,19.91,70.92,39.4,39.14,Synthetic data for visualization practice
HP_District_17,Himachal Pradesh,2021,32.32,39.88,17.54,65.89,39.57,39.06,Synthetic data for visualization practice
HP_District_18,Himachal Pradesh,2019,21.25,33.89,14.49,55.0,23.43,53.45,Synthetic data for visualization practice
HP_District_18,Himachal Pradesh,2020,23.89,34.18,16.1,53.2,21.34,50.98,Synthetic data for visualization practice
HP_District_18,Himachal Pradesh,2021,25.08,42.29,16.78,61.17,25.41,44.59,Synthetic data for visualization practice
HP_District_19,Himachal Pradesh,2019,20.83,33.69,15.55,57.8,23.43,53.16,Synthetic data for visualization practice
HP_District_19,Himachal Pradesh,2020,15.99,37.63,20.77,46.37,17.67,55.2,Synthetic data for visualization practice
HP_District_19,Himachal Pradesh,2021,10.13,27.16,14.77,51.54,10.92,66.15,Synthetic data for visualization practice
HP_District_20,Himachal Pradesh,2019,17.3,30.54,14.27,45.32,22.5,59.81,Synthetic data for visualization practice
HP_District_20,Himachal Pradesh,2020,9.5,30.28,12.99,51.23,10.67,65.67,Synthetic data for visualization practice
HP_District_20,Himachal Pradesh,2021,5.81,27.85,4.5,51.9,5.92,72.3,Synthetic data for visualization practice
HP_District_21,Himachal Pradesh,2019,19.34,36.83,22.86,43.21,27.29,52.77,Synthetic data for visualization practice
HP_District_21,Himachal Pradesh,2020,16.01,32.51,13.49,53.06,26.25,58.93,Synthetic data for visualization practice
HP_District_21,Himachal Pradesh,2021,17.59,25.88,17.5,51.39,15.0,60.03,Synthetic data for visualization practice
HP_District_22,Himachal Pradesh,2019,27.32,44.66,19.88,55.77,37.31,41.49,Synthetic data for visualization practice
HP_District_22,Himachal Pradesh,2020,21.42,39.88,16.45,56.8,25.55,49.47,Synthetic data for visualization practice
HP_District_22,Himachal Pradesh,2021,20.46,38.47,15.12,53.32,24.74,51.86,Synthetic data for visualization practice
HP_District_23,Himachal Pradesh,2019,12.49,25.87,16.87,49.09,17.63,64.65,Synthetic data for visualization practice
HP_District_23,Himachal Pradesh,2020,14.1,32.03,13.12,48.76,26.44,61.45,Synthetic data for visualization practice
HP_District_23,Himachal Pradesh,2021,18.04,23.43,16.81,54.94,22.77,60.57,Synthetic data for visualization practice
HP_District_24,Himachal Pradesh,2019,9.93,28.36,16.52,49.47,13.35,65.5,Synthetic data for visualization practice
HP_District_24,Himachal Pradesh,2020,13.41,29.16,15.51,53.75,10.43,61.97,Synthetic data for visualization practice
HP_District_24,Himachal Pradesh,2021,11.39,24.25,9.29,48.46,5.0,68.71,Synthetic data for visualization practice
HP_District_25,Himachal Pradesh,2019,14.87,33.23,13.84,47.33,10.47,60.24,Synthetic data for visualization practice
HP_District_25,Himachal Pradesh,2020,18.38,26.06,17.26,53.12,15.1,59.12,Synthetic data for visualization practice
HP_District_25,Himachal Pradesh,2021,13.58,28.88,14.93,44.15,21.28,63.59,Synthetic data for visualization practice
HP_District_26,Himachal Pradesh,2019,17.5,35.04,8.87,55.11,22.59,57.56,Synthetic data for visualization practice
HP_District_26,Himachal Pradesh,2020,29.64,39.86,16.66,58.09,33.31,42.65,Synthetic data for visualization practice
HP_District_26,Himachal Pradesh,2021,19.55,29.52,16.78,65.37,19.85,54.76,Synthetic data for visualization practice
HP_District_27,Himachal Pradesh,2019,9.19,30.16,12.15,52.36,11.31,66.07,Synthetic data for visualization practice
HP_District_27,Himachal Pradesh,2020,18.83,31.73,12.88,52.24,16.99,57.37,Synthetic data for visualization practice
HP_District_27,Himachal Pradesh,2021,19.76,32.48,16.55,52.16,12.34,55.17,Synthetic data for visualization practice
HP_District_28,Himachal Pradesh,2019,22.56,32.32,13.46,57.44,22.28,53.14,Synthetic data for visualization practice
HP_District_28,Himachal Pradesh,2020,27.0,38.27,18.36,63.15,27.41,44.28,Synthetic data for visualization practice
HP_District_28,Himachal Pradesh,2021,12.82,24.72,9.88,54.31,15.84,66.27,Synthetic data for visualization practice
HP_District_29,Himachal Pradesh,2019,10.43,35.96,10.37,59.04,20.38,61.71,Synthetic data for visualization practice
HP_District_29,Himachal Pradesh,2020,9.89,18.63,13.38,42.92,9.68,72.33,Synthetic data for visualization practice
HP_District_29,Himachal Pradesh,2021,9.65,30.42,14.19,57.34,12.31,64.21,Synthetic data for visualization practice
HP_District_30,Himachal Pradesh,2019,16.66,29.82,12.87,55.15,24.59,59.63,Synthetic data for visualization practice
HP_District_30,Himachal Pradesh,2020,26.57,33.24,19.14,59.05,30.18,47.52,Synthetic data for visualization practice
HP_District_30,Himachal Pradesh,2021,16.31,28.73,18.43,54.14,20.79,58.94,Synthetic data for visualization practice
J_District_01,Jharkhand,2019,27.51,42.35,15.07,58.51,23.95,43.52,Synthetic data for visualization practice
J_District_01,Jharkhand,2020,20.79,30.63,16.3,62.78,24.28,53.74,Synthetic data for visualization practice
J_District_01,Jharkhand,2021,12.74,27.07,12.09,60.27,16.59,63.6,Synthetic data for visualization practice
J_District_02,Jharkhand,2019,21.06,32.44,11.64,59.6,27.01,54.5,Synthetic data for visualization practice
J_District_02,Jharkhand,2020,23.97,34.34,15.64,58.43,23.84,50.2,Synthetic data for visualization practice
J_District_02,Jharkhand,2021,17.25,34.43,14.26,47.92,26.65,57.52,Synthetic data for visualization practice
J_District_03,Jharkhand,2019,22.52,41.08,16.52,66.45,20.32,46.52,Synthetic data for visualization practice
J_District_03,Jharkhand,2020,21.4,31.96,14.06,52.52,20.98,54.8,Synthetic data for visualization practice
J_District_03,Jharkhand,2021,14.63,27.48,11.65,45.61,6.85,64.22,Synthetic data for visualization practice
J_District_04,Jharkhand,2019,33.29,33.67,17.44,58.47,36.38,42.53,Synthetic data for visualization practice
J_District_04,Jharkhand,2020,24.89,33.14,16.4,55.79,30.96,50.23,Synthetic data for visualization practice
J_District_04,Jharkhand,2021,28.08,40.12,10.35,59.92,35.34,45.39,Synthetic data for visualization practice
J_District_05,Jharkhand,2019,20.51,32.03,12.12,63.89,34.65,54.35,Synthetic data for visualization practice
J_District_05,Jharkhand,2020,19.59,32.91,8.38,49.31,27.07,57.97,Synthetic data for visualization practice
J_District_05,Jharkhand,2021,23.63,27.23,14.95,62.41,25.62,53.64,Synthetic data for visualization practice
J_District_06,Jharkhand,2019,22.06,40.99,14.94,55.48,27.03,49.05,Synthetic data for visualization practice
J_District_06,Jharkhand,2020,20.29,32.28,13.93,54.5,31.41,55.27,Synthetic data for visualization practice
J_District_06,Jharkhand,2021,25.91,33.26,16.82,66.29,31.36,47.65,Synthetic data for visualization practice
J_District_07,Jharkhand,2019,18.74,32.05,10.61,61.23,22.4,56.61,Synthetic data for visualization practice
J_District_07,Jharkhand,2020,18.86,29.89,13.15,60.32,15.96,56.98,Synthetic data for visualization practice
J_District_07,Jharkhand,2021,23.21,37.81,15.08,57.05,28.34,49.44,Synthetic data for visualization practice
J_District_08,Jharkhand,2019,19.92,38.9,14.19,55.05,27.27,52.1,Synthetic data for visualization practice
J_District_08,Jharkhand,2020,21.51,32.64,15.3,60.45,26.25,52.81,Synthetic data for visualization practice
J_District_08,Jharkhand,2021,15.59,30.61,16.06,51.63,16.3,59.66,Synthetic data for visualization practice
J_District_09,Jharkhand,2019,18.52,31.5,11.34,48.85,22.23,58.71,Synthetic data for visualization practice
J_District_09,Jharkhand,2020,21.2,33.52,14.09,61.91,19.61,52.77,Synthetic data for visualization practice
J_District_09,Jharkhand,2021,29.57,34.85,16.15,70.29,34.19,43.53,Synthetic data for visualization practice
J_District_10,Jharkhand,2019,18.49,36.2,13.19,55.11,16.97,54.89,Synthetic data for visualization practice
J_District_10,Jharkhand,2020,17.45,31.65,11.58,48.42,25.32,59.48,Synthetic data for visualization practice
J_District_10,Jharkhand,2021,16.62,29.86,12.54,53.06,14.9,60.05,Synthetic data for visualization practice
J_District_11,Jharkhand,2019,22.81,34.23,15.2,58.7,22.58,51.27,Synthetic data for visualization practice
J_District_11,Jharkhand,2020,11.57,40.77,12.59,48.93,5.38,59.24,Synthetic data for visualization practice
J_District_11,Jharkhand,2021,25.57,39.96,11.0,61.44,24.79,47.05,Synthetic data for visualization practice
J_District_12,Jharkhand,2019,19.77,34.0,11.74,61.01,29.51,54.51,Synthetic data for visualization practice
J_District_12,Jharkhand,2020,17.38,28.13,12.98,60.73,18.46,59.03,Synthetic data for visualization practice
J_District_12,Jharkhand,2021,19.55,28.17,10.21,48.45,25.88,59.94,Synthetic data for visualization practice
J_District_13,Jharkhand,2019,21.54,40.13,13.59,54.81,29.49,50.4,Synthetic data for visualization practice
J_District_13,Jharkhand,2020,18.26,40.43,10.16,52.14,15.07,54.3,Synthetic data for visualization practice
J_District_13,Jharkhand,2021,19.98,35.25,18.05,55.38,31.48,52.67,Synthetic data for visualization practice
J_District_14,Jharkhand,2019,31.7,39.19,16.6,58.01,34.29,41.36,Synthetic data for visualization practice
J_District_14,Jharkhand,2020,18.73,31.29,14.94,51.66,28.8,57.15,Synthetic data for visualization practice
J_District_14,Jharkhand,2021,27.85,36.83,15.87,65.18,23.92,44.77,Synthetic data for visualization practice
J_District_15,Jharkhand,2019,24.0,34.21,11.54,49.5,30.01,52.81,Synthetic data for visualization practice
J_District_15,Jharkhand,2020,12.04,23.17,16.15,49.97,7.09,66.45,Synthetic data for visualization practice
J_District_15,Jharkhand,2021,14.49,32.46,11.61,46.49,18.23,61.72,Synthetic data for visualization practice
J_District_16,Jharkhand,2019,20.38,35.78,15.12,57.16,25.61,52.7,Synthetic data for visualization practice
J_District_16,Jharkhand,2020,22.79,32.21,19.59,55.87,17.41,51.41,Synthetic data for visualization practice
J_District_16,Jharkhand,2021,25.03,40.35,14.16,63.65,28.78,46.0,Synthetic data for visualization practice
J_District_17,Jharkhand,2019,22.08,34.28,14.21,54.62,28.83,52.74,Synthetic data for visualization practice
J_District_17,Jharkhand,2020,25.09,32.03,20.3,61.43,38.38,48.6,Synthetic data for visualization practice
J_District_17,Jharkhand,2021,28.33,38.09,15.43,61.13,41.24,44.49,Synthetic data for visualization practice
J_District_18,Jharkhand,2019,21.94,33.84,14.51,51.79,25.39,53.41,Synthetic data for visualization practice
J_District_18,Jharkhand,2020,17.62,33.74,19.59,60.88,25.69,54.03,Synthetic data for visualization practice
J_District_18,Jharkhand,2021,10.92,29.69,12.56,42.1,10.06,66.33,Synthetic data for visualization practice
J_District_19,Jharkhand,2019,23.6,33.97,18.82,51.01,19.74,50.84,Synthetic data for visualization practice
J_District_19,Jharkhand,2020,16.1,35.19,11.63,52.59,12.62,58.14,Synthetic data for visualization practice
J_District_19,Jharkhand,2021,12.03,31.97,11.92,48.58,10.14,63.53,Synthetic data for visualization practice
J_District_20,Jharkhand,2019,22.63,34.74,13.15,55.14,18.83,52.31,Synthetic data for visualization practice
J_District_20,Jharkhand,2020,10.66,33.3,12.31,58.38,12.19,62.37,Synthetic data for visualization practice
J_District_20,Jharkhand,2021,19.38,35.22,8.16,55.62,22.7,56.09,Synthetic data for visualization practice
J_District_21,Jharkhand,2019,26.98,32.3,19.85,58.22,31.06,47.58,Synthetic data for visualization practice
J_District_21,Jharkhand,2020,15.47,29.7,17.71,53.76,14.33,59.4,Synthetic data for visualization practice
J_District_21,Jharkhand,2021,21.86,38.39,17.42,63.3,22.1,48.6,Synthetic data for visualization practice
J_District_22,Jharkhand,2019,22.11,33.8,15.61,64.98,20.71,50.99,Synthetic data for visualization practice
J_District_22,Jharkhand,2020,23.96,33.37,19.65,61.58,30.89,49.01,Synthetic data for visualization practice
J_District_22,Jharkhand,2021,17.99,33.22,14.44,50.37,21.75,57.1,Synthetic data for visualization practice
J_District_23,Jharkhand,2019,17.23,35.09,17.53,58.05,20.65,54.7,Synthetic data for visualization practice
J_District_23,Jharkhand,2020,18.54,32.51,11.55,57.42,16.86,56.84,Synthetic data for visualization practice
J_District_23,Jharkhand,2021,25.68,41.95,18.2,59.94,19.82,44.03,Synthetic data for visualization practice
J_District_24,Jharkhand,2019,8.3,23.08,11.96,36.87,11.86,72.7,Synthetic data for visualization practice
J_District_24,Jharkhand,2020,14.55,29.14,11.98,49.75,15.07,62.74,Synthetic data for visualization practice
J_District_24,Jharkhand,2021,26.01,34.06,16.33,58.76,30.95,48.45,Synthetic data for visualization practice
J_District_25,Jharkhand,2019,19.9,31.26,12.24,54.72,17.93,56.57,Synthetic data for visualization practice
J_District_25,Jharkhand,2020,14.36,29.74,15.76,53.59,24.14,60.88,Synthetic data for visualization practice
J_District_25,Jharkhand,2021,32.16,45.49,25.0,66.7,38.93,34.02,Synthetic data for visualization practice
J_District_26,Jharkhand,2019,21.52,34.26,13.76,57.98,29.44,52.83,Synthetic data for visualization practice
J_District_26,Jharkhand,2020,14.87,31.83,13.37,42.03,18.06,61.87,Synthetic data for visualization practice
J_District_26,Jharkhand,2021,10.4,24.19,13.64,49.85,12.44,68.02,Synthetic data for visualization practice
J_District_27,Jharkhand,2019,25.76,38.6,16.96,64.24,28.27,45.36,Synthetic data for visualization practice
J_District_27,Jharkhand,2020,24.32,40.46,10.21,56.35,29.43,48.8,Synthetic data for visualization practice
J_District_27,Jharkhand,2021,21.93,40.35,11.86,63.31,20.86,49.23,Synthetic data for visualization practice
J_District_28,Jharkhand,2019,14.13,28.5,9.64,54.43,14.24,63.39,Synthetic data for visualization practice
J_District_28,Jharkhand,2020,25.0,34.02,16.15,58.1,26.99,49.43,Synthetic data for visualization practice
J_District_28,Jharkhand,2021,17.22,27.64,14.32,47.77,34.05,60.94,Synthetic data for visualization practice
J_District_29,Jharkhand,2019,16.49,31.33,15.69,51.54,20.85,58.7,Synthetic data for visualization practice
J_District_29,Jharkhand,2020,16.71,31.16,9.83,55.17,18.56,59.83,Synthetic data for visualization practice
J_District_29,Jharkhand,2021,21.0,35.91,18.18,50.59,18.57,52.2,Synthetic data for visualization practice
J_District_30,Jharkhand,2019,10.45,32.76,16.33,43.05,10.12,63.91,Synthetic data for visualization practice
J_District_30,Jharkhand,2020,15.35,32.79,9.44,43.97,15.61,61.9,Synthetic data for visualization practice
J_District_30,Jharkhand,2021,13.39,27.57,13.75,52.78,22.24,63.46,Synthetic data for visualization practice
K_District_01,Karnataka,2019,21.7,35.08,13.81,56.3,22.13,52.51,Synthetic data for visualization practice
K_District_01,Karnataka,2020,27.21,40.11,19.84,56.63,27.37,43.73,Synthetic data for visualization practice
K_District_01,Karnataka,2021,17.85,31.24,11.94,59.93,21.02,57.52,Synthetic data for visualization practice
K_District_02,Karnataka,2019,21.5,34.72,17.18,49.26,22.87,52.9,Synthetic data for visualization practice
K_District_02,Karnataka,2020,20.02,35.51,13.43,42.51,23.99,55.82,Synthetic data for visualization practice
K_District_02,Karnataka,2021,16.41,31.28,18.31,55.58,17.44,57.4,Synthetic data for visualization practice
K_District_03,Karnataka,2019,23.25,32.43,15.46,51.67,23.52,52.8,Synthetic data for visualization practice
K_District_03,Karnataka,2020,26.7,33.86,16.39,61.9,33.68,47.51,Synthetic data for visualization practice
K_District_03,Karnataka,2021,17.49,29.0,15.22,51.58,21.99,59.2,Synthetic data for visualization practice
K_District_04,Karnataka,2019,15.19,29.63,12.99,52.86,14.46,61.21,Synthetic data for visualization practice
K_District_04,Karnataka,2020,25.08,38.01,15.67,55.47,29.05,47.91,Synthetic data for visualization practice
K_District_04,Karnataka,2021,14.3,29.94,11.61,51.77,16.51,62.34,Synthetic data for visualization practice
K_District_05,Karnataka,2019,14.15,27.89,11.45,45.73,8.54,64.44,Synthetic data for visualization practice
K_District_05,Karnataka,2020,23.84,33.5,15.42,62.86,23.12,50.12,Synthetic data for visualization practice
K_District_05,Karnataka,2021,17.02,41.14,7.49,52.58,7.49,55.68,Synthetic data for visualization practice
K_District_06,Karnataka,2019,19.13,35.77,14.5,49.88,24.34,54.97,Synthetic data for visualization practice
K_District_06,Karnataka,2020,22.29,29.52,11.46,66.45,24.99,54.0,Synthetic data for visualization practice
K_District_06,Karnataka,2021,18.52,30.6,16.0,62.9,21.7,55.65,Synthetic data for visualization practice
K_District_07,Karnataka,2019,11.5,26.73,12.21,40.87,15.74,67.64,Synthetic data for visualization practice
K_District_07,Karnataka,2020,21.4,39.74,19.9,54.67,32.1,48.84,Synthetic data for visualization practice
K_District_07,Karnataka,2021,19.5,35.22,13.63,49.24,29.44,55.32,Synthetic data for visualization practice
K_District_08,Karnataka,2019,16.71,34.99,12.21,61.54,19.43,56.24,Synthetic data for visualization practice
K_District_08,Karnataka,2020,19.22,28.51,14.8,52.04,13.41,58.12,Synthetic data for visualization practice
K_District_08,Karnataka,2021,20.56,39.31,18.12,53.34,20.28,50.47,Synthetic data for visualization practice
K_District_09,Karnataka,2019,12.98,24.56,12.15,51.69,16.29,65.94,Synthetic data for visualization practice
K_District_09,Karnataka,2020,11.47,34.37,15.67,46.53,8.38,61.96,Synthetic data for visualization practice
K_District_09,Karnataka,2021,14.97,20.96,16.52,50.66,11.98,64.99,Synthetic data for visualization practice
K_District_10,Karnataka,2019,15.94,30.36,13.16,45.51,11.25,61.29,Synthetic data for visualization practice
K_District_10,Karnataka,2020,24.16,42.43,18.56,54.73,27.5,45.68,Synthetic data for visualization practice
K_District_10,Karnataka,2021,11.86,34.42,11.02,57.11,16.31,61.43,Synthetic data for visualization practice
K_District_11,Karnataka,2019,21.55,35.17,14.62,59.31,23.59,51.89,Synthetic data for visualization practice
K_District_11,Karnataka,2020,19.29,35.4,14.46,50.55,24.36,54.95,Synthetic data for visualization practice
K_District_11,Karnataka,2021,22.58,36.37,14.51,50.63,28.67,51.8,Synthetic data for visualization practice
K_District_12,Karnataka,2019,26.91,35.25,15.98,66.41,31.39,46.09,Synthetic data for visualization practice
K_District_12,Karnataka,2020,15.05,37.77,13.64,60.62,18.08,55.89,Synthetic data for visualization practice
K_District_12,Karnataka,2021,14.48,38.25,13.69,50.09,10.77,57.67,Synthetic data for visualization practice
K_District_13,Karnataka,2019,22.21,33.83,12.47,64.22,31.85,51.95,Synthetic data for visualization practice
K_District_13,Karnataka,2020,24.7,30.97,20.01,56.23,32.36,50.32,Synthetic data for visualization practice
K_District_13,Karnataka,2021,10.81,25.36,9.07,45.91,16.53,69.07,Synthetic data for visualization practice
K_District_14,Karnataka,2019,19.35,29.75,15.0,64.18,20.51,55.52,Synthetic data for visualization practice
K_District_14,Karnataka,2020,19.54,26.48,18.68,52.31,20.7,57.68,Synthetic data for visualization practice
K_District_14,Karnataka,2021,23.4,37.32,17.53,54.95,30.49,49.12,Synthetic data for visualization practice
K_District_15,Karnataka,2019,19.68,31.26,15.79,52.48,18.82,56.01,Synthetic data for visualization practice
K_District_15,Karnataka,2020,17.24,32.47,14.42,50.51,24.48,58.07,Synthetic data for visualization practice
K_District_15,Karnataka,2021,20.46,30.79,14.79,50.27,23.74,56.26,Synthetic data for visualization practice
K_District_16,Karnataka,2019,25.73,40.84,11.48,45.94,32.57,48.66,Synthetic data for visualization practice
K_District_16,Karnataka,2020,15.16,29.39,14.3,56.46,22.36,60.41,Synthetic data for visualization practice
K_District_16,Karnataka,2021,17.65,31.77,15.28,50.87,17.19,57.78,Synthetic data for visualization practice
K_District_17,Karnataka,2019,26.34,33.33,18.44,58.83,25.49,47.9,Synthetic data for visualization practice
K_District_17,Karnataka,2020,22.06,32.93,8.86,41.02,23.93,57.08,Synthetic data for visualization practice
K_District_17,Karnataka,2021,30.01,46.06,17.46,55.04,35.13,39.47,Synthetic data for visualization practice
K_District_18,Karnataka,2019,18.12,38.56,20.13,56.17,25.71,51.76,Synthetic data for visualization practice
K_District_18,Karnataka,2020,17.17,37.63,14.48,51.71,25.55,55.35,Synthetic data for visualization practice
K_District_18,Karnataka,2021,21.19,34.24,11.69,61.21,29.0,53.24,Synthetic data for visualization practice
K_District_19,Karnataka,2019,22.76,33.97,12.66,60.59,29.75,51.92,Synthetic data for visualization practice
K_District_19,Karnataka,2020,14.07,29.74,13.82,42.62,15.51,63.33,Synthetic data for visualization practice
K_District_19,Karnataka,2021,20.4,31.71,14.54,56.07,20.03,55.06,Synthetic data for visualization practice
K_District_20,Karnataka,2019,14.37,33.88,10.96,49.47,13.59,60.86,Synthetic data for visualization practice
K_District_20,Karnataka,2020,15.95,30.4,11.86,52.83,11.13,60.56,Synthetic data for visualization practice
K_District_20,Karnataka,2021,10.71,22.05,10.01,55.75,12.38,69.04,Synthetic data for visualization practice
K_District_21,Karnataka,2019,20.62,36.38,12.59,55.6,29.32,53.2,Synthetic data for visualization practice
K_District_21,Karnataka,2020,28.52,40.21,15.65,63.96,26.43,42.79,Synthetic data for visualization practice
K_District_21,Karnataka,2021,24.68,32.2,15.58,55.95,41.03,51.09,Synthetic data for visualization practice
K_District_22,Karnataka,2019,17.59,25.98,13.9,58.66,11.6,59.97,Synthetic data for visualization practice
K_District_22,Karnataka,2020,15.35,25.05,13.26,48.19,20.52,63.99,Synthetic data for visualization practice
K_District_22,Karnataka,2021,14.99,33.49,14.04,52.69,22.17,59.15,Synthetic data for visualization practice
K_District_23,Karnataka,2019,15.9,28.55,13.49,51.88,20.14,61.18,Synthetic data for visualization practice
K_District_23,Karnataka,2020,10.49,25.53,13.52,49.5,17.38,67.36,Synthetic data for visualization practice
K_District_23,Karnataka,2021,30.24,41.67,21.02,65.49,31.6,38.84,Synthetic data for visualization practice
K_District_24,Karnataka,2019,29.21,40.89,16.79,60.78,35.19,42.04,Synthetic data for visualization practice
K_District_24,Karnataka,2020,19.79,30.0,14.47,43.09,19.87,58.36,Synthetic data for visualization practice
K_District_24,Karnataka,2021,25.2,37.68,19.94,59.88,34.29,46.03,Synthetic data for visualization practice
K_District_25,Karnataka,2019,20.1,37.4,15.55,62.19,10.74,51.23,Synthetic data for visualization practice
K_District_25,Karnataka,2020,12.32,34.55,8.41,52.81,11.25,62.42,Synthetic data for visualization practice
K_District_25,Karnataka,2021,25.64,29.77,20.43,55.87,23.16,50.09,Synthetic data for visualization practice
K_District_26,Karnataka,2019,10.02,29.12,9.72,52.21,11.42,66.68,Synthetic data for visualization practice
K_District_26,Karnataka,2020,11.79,26.38,13.79,48.28,15.33,66.0,Synthetic data for visualization practice
K_District_26,Karnataka,2021,20.21,37.44,14.28,49.91,20.21,53.34,Synthetic data for visualization practice
K_District_27,Karnataka,2019,14.74,26.54,11.89,50.54,22.04,63.79,Synthetic data for visualization practice
K_District_27,Karnataka,2020,16.5,24.65,10.18,51.06,13.42,63.76,Synthetic data for visualization practice
K_District_27,Karnataka,2021,12.27,26.32,12.06,48.01,17.51,66.2,Synthetic data for visualization practice
K_District_28,Karnataka,2019,20.32,35.13,13.06,55.68,16.15,53.91,Synthetic data for visualization practice
K_District_28,Karnataka,2020,22.55,32.0,17.56,56.87,21.65,52.16,Synthetic data for visualization practice
K_District_28,Karnataka,2021,28.05,38.21,16.36,62.76,31.23,44.13,Synthetic data for visualization practice
K_District_29,Karnataka,2019,24.73,33.98,15.03,52.01,31.8,50.92,Synthetic data for visualization practice
K_District_29,Karnataka,2020,17.7,36.13,11.19,54.14,23.93,56.29,Synthetic data for visualization practice
K_District_29,Karnataka,2021,15.99,38.87,12.93,53.1,28.09,55.93,Synthetic data for visualization practice
K_District_30,Karnataka,2019,23.69,39.02,17.22,66.21,28.86,46.44,Synthetic data for visualization practice
K_District_30,Karnataka,2020,27.98,40.99,12.48,73.24,27.43,42.39,Synthetic data for visualization practice
K_District_30,Karnataka,2021,22.35,34.4,18.24,53.09,19.76,51.48,Synthetic data for visualization practice
K_District_01,Kerala,2019,23.46,36.66,18.2,46.43,21.31,50.48,Synthetic data for visualization practice
K_District_01,Kerala,2020,20.6,34.22,17.55,53.56,22.48,53.11,Synthetic data for visualization practice
K_District_01,Kerala,2021,23.43,25.77,17.33,55.56,23.42,54.84,Synthetic data for visualization practice
K_District_02,Kerala,2019,24.16,39.45,15.7,62.08,24.51,46.92,Synthetic data for visualization practice
K_District_02,Kerala,2020,22.26,31.47,13.98,60.66,28.23,53.16,Synthetic data for visualization practice
K_District_02,Kerala,2021,15.88,24.0,16.05,49.59,21.86,63.04,Synthetic data for visualization practice
K_District_03,Kerala,2019,18.22,31.84,14.13,55.74,27.54,56.9,Synthetic data for visualization practice
K_District_03,Kerala,2020,18.16,34.27,17.12,52.87,27.54,55.28,Synthetic data for visualization practice
K_District_03,Kerala,2021,18.1,33.33,15.98,56.57,17.9,55.57,Synthetic data for visualization practice
K_District_04,Kerala,2019,27.03,37.61,13.02,59.0,30.05,46.81,Synthetic data for visualization practice
K_District_04,Kerala,2020,17.03,29.93,10.73,56.11,24.48,59.77,Synthetic data for visualization practice
K_District_04,Kerala,2021,15.42,31.89,13.71,54.6,24.28,59.42,Synthetic data for visualization practice
K_District_05,Kerala,2019,14.14,27.62,13.58,51.93,17.18,63.02,Synthetic data for visualization practice
K_District_05,Kerala,2020,17.53,30.24,20.65,49.54,21.46,57.23,Synthetic data for visualization practice
K_District_05,Kerala,2021,27.27,38.68,13.37,63.94,18.89,45.24,Synthetic data for visualization practice
K_District_06,Kerala,2019,20.35,31.44,19.11,58.06,25.43,53.56,Synthetic data for visualization practice
K_District_06,Kerala,2020,22.54,32.62,17.16,62.7,25.88,51.11,Synthetic data for visualization practice
K_District_06,Kerala,2021,23.41,38.28,16.38,58.47,20.01,48.45,Synthetic data for visualization practice
K_District_07,Kerala,2019,14.92,31.09,12.69,53.39,14.89,60.71,Synthetic data for visualization practice
K_District_07,Kerala,2020,22.41,36.98,16.02,49.73,23.8,51.32,Synthetic data for visualization practice
K_District_07,Kerala,2021,26.47,36.24,15.76,56.77,36.18,47.46,Synthetic data for visualization practice
K_District_08,Kerala,2019,27.99,36.96,18.55,60.56,35.74,44.48,Synthetic data for visualization practice
K_District_08,Kerala,2020,21.6,32.12,16.03,57.06,24.71,53.29,Synthetic data for visualization practice
K_District_08,Kerala,2021,21.78,36.82,13.18,53.3,30.26,52.21,Synthetic data for visualization practice
K_District_09,Kerala,2019,20.07,29.16,13.27,61.33,18.23,56.18,Synthetic data for visualization practice
K_District_09,Kerala,2020,18.39,28.07,16.68,58.19,21.74,57.52,Synthetic data for visualization practice
K_District_09,Kerala,2021,25.61,36.38,15.09,54.57,30.91,48.61,Synthetic data for visualization practice
K_District_10,Kerala,2019,18.65,32.42,13.91,48.48,24.97,57.42,Synthetic data for visualization practice
K_District_10,Kerala,2020,17.23,27.66,10.61,45.38,20.86,62.4,Synthetic data for visualization practice
K_District_10,Kerala,2021,16.1,27.36,15.65,52.14,17.02,60.92,Synthetic data for visualization practice
K_District_11,Kerala,2019,15.58,31.03,10.74,54.82,19.89,60.58,Synthetic data for visualization practice
K_District_11,Kerala,2020,17.79,30.43,17.1,47.95,14.61,58.23,Synthetic data for visualization practice
K_District_11,Kerala,2021,17.18,36.13,18.46,53.37,16.43,54.65,Synthetic data for visualization practice
K_District_12,Kerala,2019,21.42,30.01,16.41,44.21,20.23,56.3,Synthetic data for visualization practice
K_District_12,Kerala,2020,16.32,25.73,15.15,57.14,14.4,60.96,Synthetic data for visualization practice
K_District_12,Kerala,2021,14.4,28.02,11.19,50.86,18.74,63.48,Synthetic data for visualization practice
K_District_13,Kerala,2019,21.17,30.77,18.77,50.55,16.63,54.47,Synthetic data for visualization practice
K_District_13,Kerala,2020,21.16,38.16,14.24,58.53,19.28,50.94,Synthetic data for visualization practice
K_District_13,Kerala,2021,17.33,33.99,18.99,55.62,21.72,55.1,Synthetic data for visualization practice
K_District_14,Kerala,2019,17.26,33.33,11.77,50.27,26.63,58.45,Synthetic data for visualization practice
K_District_14,Kerala,2020,26.62,33.68,19.54,54.56,37.06,47.82,Synthetic data for visualization practice
K_District_14,Kerala,2021,21.08,33.77,11.37,58.42,18.79,54.08,Synthetic data for visualization practice
K_District_15,Kerala,2019,24.7,39.79,20.62,53.8,35.5,46.09,Synthetic data for visualization practice
K_District_15,Kerala,2020,21.02,30.13,15.93,54.54,23.36,55.16,Synthetic data for visualization practice
K_District_15,Kerala,2021,19.8,33.17,15.36,51.87,23.0,55.19,Synthetic data for visualization practice
K_District_16,Kerala,2019,20.04,31.27,15.82,45.95,23.96,56.69,Synthetic data for visualization practice
K_District_16,Kerala,2020,16.98,27.91,18.32,53.13,19.67,58.99,Synthetic data for visualization practice
K_District_16,Kerala,2021,19.86,32.86,11.93,54.06,26.02,55.99,Synthetic data for visualization practice
K_District_17,Kerala,2019,10.42,23.22,16.26,52.92,20.18,67.24,Synthetic data for visualization practice
K_District_17,Kerala,2020,28.41,40.32,15.97,55.28,31.35,44.04,Synthetic data for visualization practice
K_District_17,Kerala,2021,23.77,45.05,15.03,67.32,30.14,43.85,Synthetic data for visualization practice
K_District_18,Kerala,2019,27.6,33.09,15.69,54.78,28.2,48.45,Synthetic data for visualization practice
K_District_18,Kerala,2020,14.63,29.26,13.79,54.29,10.24,61.38,Synthetic data for visualization practice
K_District_18,Kerala,2021,14.08,28.35,14.85,54.25,5.85,61.97,Synthetic data for visualization practice
K_District_19,Kerala,2019,14.58,30.25,14.15,46.31,25.37,62.02,Synthetic data for visualization practice
K_District_19,Kerala,2020,20.84,28.09,16.89,52.73,27.14,56.3,Synthetic data for visualization practice
K_District_19,Kerala,2021,18.4,37.06,14.5,54.36,23.26,54.24,Synthetic data for visualization practice
K_District_20,Kerala,2019,25.96,38.87,18.21,61.9,27.11,45.05,Synthetic data for visualization practice
K_District_20,Kerala,2020,12.19,27.88,11.23,44.6,14.21,66.25,Synthetic data for visualization practice
K_District_20,Kerala,2021,8.88,25.86,12.05,43.81,10.76,69.78,Synthetic data for visualization practice
K_District_21,Kerala,2019,21.57,33.22,17.13,57.04,20.54,52.44,Synthetic data for visualization practice
K_District_21,Kerala,2020,14.3,24.92,13.3,47.57,13.77,64.97,Synthetic data for visualization practice
K_District_21,Kerala,2021,17.41,31.64,15.78,57.86,26.25,56.84,Synthetic data for visualization practice
K_District_22,Kerala,2019,20.25,39.33,11.36,50.61,23.09,53.13,Synthetic data for visualization practice
K_District_22,Kerala,2020,29.61,30.72,15.95,47.4,42.6,49.06,Synthetic data for visualization practice
K_District_22,Kerala,2021,22.99,31.0,14.57,61.56,24.66,52.5,Synthetic data for visualization practice
K_District_23,Kerala,2019,15.74,27.65,13.2,45.91,17.13,62.74,Synthetic data for visualization practice
K_District_23,Kerala,2020,21.89,36.24,15.97,57.26,27.89,50.99,Synthetic data for visualization practice
K_District_23,Kerala,2021,17.42,30.26,13.94,58.57,16.26,57.97,Synthetic data for visualization practice
K_District_24,Kerala,2019,28.06,40.45,14.56,49.31,30.42,45.56,Synthetic data for visualization practice
K_District_24,Kerala,2020,23.02,31.68,18.69,52.65,28.51,52.24,Synthetic data for visualization practice
K_District_24,Kerala,2021,18.47,27.7,14.34,59.45,17.99,58.15,Synthetic data for visualization practice
K_District_25,Kerala,2019,29.24,38.12,11.47,55.48,34.26,45.78,Synthetic data for visualization practice
K_District_25,Kerala,2020,19.33,31.32,15.68,61.91,30.87,54.88,Synthetic data for visualization practice
K_District_25,Kerala,2021,16.9,31.08,15.1,52.21,21.5,58.58,Synthetic data for visualization practice
K_District_26,Kerala,2019,15.91,32.53,12.98,56.54,15.55,58.63,Synthetic data for visualization practice
K_District_26,Kerala,2020,21.57,34.64,16.33,52.86,22.18,52.6,Synthetic data for visualization practice
K_District_26,Kerala,2021,19.87,35.47,12.41,55.82,16.73,54.27,Synthetic data for visualization practice
K_District_27,Kerala,2019,19.87,32.43,15.26,39.83,18.15,57.34,Synthetic data for visualization practice
K_District_27,Kerala,2020,18.7,34.15,17.08,53.1,19.43,54.88,Synthetic data for visualization practice
K_District_27,Kerala,2021,14.56,29.19,10.49,42.22,21.01,64.28,Synthetic data for visualization practice
K_District_28,Kerala,2019,25.12,36.69,15.0,49.37,34.42,49.65,Synthetic data for visualization practice
K_District_28,Kerala,2020,17.21,29.25,14.17,54.34,30.41,59.21,Synthetic data for visualization practice
K_District_28,Kerala,2021,11.81,25.29,11.08,45.81,18.77,67.71,Synthetic data for visualization practice
K_District_29,Kerala,2019,13.99,30.33,15.9,50.43,11.06,61.31,Synthetic data for visualization practice
K_District_29,Kerala,2020,20.29,34.89,11.31,41.99,25.1,56.63,Synthetic data for visualization practice
K_District_29,Kerala,2021,20.5,35.18,13.81,62.78,22.2,52.45,Synthetic data for visualization practice
K_District_30,Kerala,2019,21.85,40.89,14.67,52.94,23.75,49.73,Synthetic data for visualization practice
K_District_30,Kerala,2020,17.33,33.22,15.47,68.85,10.32,54.56,Synthetic data for visualization practice
K_District_30,Kerala,2021,15.79,29.9,11.51,50.28,23.08,61.42,Synthetic data for visualization practice
MP_District_01,Madhya Pradesh,2019,13.62,35.86,14.15,49.72,19.63,59.47,Synthetic data for visualization practice
MP_District_01,Madhya Pradesh,2020,24.39,36.52,17.81,58.52,29.05,48.11,Synthetic data for visualization practice
MP_District_01,Madhya Pradesh,2021,24.9,36.34,15.67,65.84,28.43,47.33,Synthetic data for visualization practice
MP_District_02,Madhya Pradesh,2019,22.33,31.84,13.56,54.74,25.61,53.94,Synthetic data for visualization practice
MP_District_02,Madhya Pradesh,2020,13.31,26.71,13.99,56.98,19.42,63.25,Synthetic data for visualization practice
MP_District_02,Madhya Pradesh,2021,13.91,32.22,12.08,53.31,26.75,61.14,Synthetic data for visualization practice
MP_District_03,Madhya Pradesh,2019,17.32,31.43,17.69,53.16,19.31,57.15,Synthetic data for visualization practice
MP_District_03,Madhya Pradesh,2020,25.36,38.62,11.87,64.07,28.26,47.23,Synthetic data for visualization practice
MP_District_03,Madhya Pradesh,2021,18.75,28.42,11.72,64.07,17.46,57.66,Synthetic data for visualization practice
MP_District_04,Madhya Pradesh,2019,22.91,32.92,15.61,50.38,28.27,52.97,Synthetic data for visualization practice
MP_District_04,Madhya Pradesh,2020,14.84,28.58,16.02,52.92,20.16,61.1,Synthetic data for visualization practice
MP_District_04,Madhya Pradesh,2021,14.99,30.21,12.39,55.47,9.88,60.86,Synthetic data for visualization practice
MP_District_05,Madhya Pradesh,2019,21.03,33.5,15.05,53.64,15.43,53.87,Synthetic data for visualization practice
MP_District_05,Madhya Pradesh,2020,22.94,28.44,14.04,63.55,31.85,53.68,Synthetic data for visualization practice
MP_District_05,Madhya Pradesh,2021,22.41,39.82,17.47,55.23,29.41,48.63,Synthetic data for visualization practice
MP_District_06,Madhya Pradesh,2019,16.62,31.16,14.93,44.37,22.03,59.99,Synthetic data for visualization practice
MP_District_06,Madhya Pradesh,2020,16.21,35.03,9.44,50.63,18.4,59.09,Synthetic data for visualization practice
MP_District_06,Madhya Pradesh,2021,18.87,32.21,19.21,57.58,16.35,54.4,Synthetic data for visualization practice
MP_District_07,Madhya Pradesh,2019,20.49,36.71,11.79,51.2,26.46,54.03,Synthetic data for visualization practice
MP_District_07,Madhya Pradesh,2020,26.06,27.53,19.95,58.24,27.97,50.66,Synthetic data for visualization practice
MP_District_07,Madhya Pradesh,2021,4.37,18.29,11.04,44.51,11.6,77.37,Synthetic data for visualization practice
MP_District_08,Madhya Pradesh,2019,12.14,27.03,13.12,51.05,15.39,65.18,Synthetic data for visualization practice
MP_District_08,Madhya Pradesh,2020,17.25,29.0,12.14,50.5,13.71,60.49,Synthetic data for visualization practice
MP_District_08,Madhya Pradesh,2021,21.32,30.95,17.65,66.57,26.76,52.19,Synthetic data for visualization practice
MP_District_09,Madhya Pradesh,2019,28.71,35.37,17.24,54.25,33.82,46.04,Synthetic data for visualization practice
MP_District_09,Madhya Pradesh,2020,18.18,30.39,12.67,52.38,23.75,58.6,Synthetic data for visualization practice
MP_District_09,Madhya Pradesh,2021,22.54,26.94,13.77,49.05,28.91,57.01,Synthetic data for visualization practice
MP_District_10,Madhya Pradesh,2019,22.74,31.36,16.3,54.43,27.21,53.08,Synthetic data for visualization practice
MP_District_10,Madhya Pradesh,2020,17.87,35.1,16.84,50.58,15.72,55.51,Synthetic data for visualization practice
MP_District_10,Madhya Pradesh,2021,23.09,37.31,14.5,55.89,31.95,50.14,Synthetic data for visualization practice
MP_District_11,Madhya Pradesh,2019,16.83,29.62,18.6,47.13,17.38,59.08,Synthetic data for visualization practice
MP_District_11,Madhya Pradesh,2020,12.84,26.81,15.79,57.73,15.55,62.93,Synthetic data for visualization practice
MP_District_11,Madhya Pradesh,2021,12.85,24.44,16.48,55.96,14.59,64.16,Synthetic data for visualization practice
MP_District_12,Madhya Pradesh,2019,10.15,28.26,13.91,38.26,12.85,67.84,Synthetic data for visualization practice
MP_District_12,Madhya Pradesh,2020,23.06,33.81,19.49,60.23,20.37,49.77,Synthetic data for visualization practice
MP_District_12,Madhya Pradesh,2021,14.39,29.4,11.22,46.5,15.03,63.45,Synthetic data for visualization practice
MP_District_13,Madhya Pradesh,2019,20.34,31.44,15.02,58.03,18.37,54.8,Synthetic data for visualization practice
MP_District_13,Madhya Pradesh,2020,20.27,24.96,16.17,42.83,21.02,60.03,Synthetic data for visualization practice
MP_District_13,Madhya Pradesh,2021,22.56,36.89,12.39,50.81,23.62,52.17,Synthetic data for visualization practice
MP_District_14,Madhya Pradesh,2019,12.62,28.89,13.93,48.79,21.29,63.97,Synthetic data for visualization practice
MP_District_14,Madhya Pradesh,2020,20.69,31.21,10.33,56.11,23.67,56.33,Synthetic data for visualization practice
MP_District_14,Madhya Pradesh,2021,12.59,30.84,16.69,49.99,13.32,62.0,Synthetic data for visualization practice
MP_District_15,Madhya Pradesh,2019,12.9,28.86,16.3,47.69,9.4,63.21,Synthetic data for visualization practice
MP_District_15,Madhya Pradesh,2020,19.97,32.62,12.22,67.74,17.82,53.88,Synthetic data for visualization practice
MP_District_15,Madhya Pradesh,2021,13.38,30.75,14.01,49.75,11.96,62.25,Synthetic data for visualization practice
MP_District_16,Madhya Pradesh,2019,16.34,39.59,13.53,55.6,23.06,54.74,Synthetic data for visualization practice
MP_District_16,Madhya Pradesh,2020,18.24,30.21,10.68,53.05,22.36,59.15,Synthetic data for visualization practice
MP_District_16,Madhya Pradesh,2021,22.54,29.61,14.19,52.16,21.86,55.09,Synthetic data for visualization practice
MP_District_17,Madhya Pradesh,2019,16.02,34.69,13.64,45.53,13.34,58.91,Synthetic data for visualization practice
MP_District_17,Madhya Pradesh,2020,15.01,25.21,14.73,52.33,9.87,63.12,Synthetic data for visualization practice
MP_District_17,Madhya Pradesh,2021,20.55,29.57,12.7,58.93,22.06,56.13,Synthetic data for visualization practice
MP_District_18,Madhya Pradesh,2019,12.2,24.57,14.22,56.89,5.92,65.16,Synthetic data for visualization practice
MP_District_18,Madhya Pradesh,2020,23.89,35.76,19.94,52.22,25.29,49.19,Synthetic data for visualization practice
MP_District_18,Madhya Pradesh,2021,22.83,33.8,18.59,54.68,25.11,51.06,Synthetic data for visualization practice
MP_District_19,Madhya Pradesh,2019,27.34,39.25,19.81,53.83,35.44,44.49,Synthetic data for visualization practice
MP_District_19,Madhya Pradesh,2020,17.04,32.47,13.69,53.13,11.4,58.06,Synthetic data for visualization practice
MP_District_19,Madhya Pradesh,2021,9.18,24.04,14.59,52.94,5.0,68.32,Synthetic data for visualization practice
MP_District_20,Madhya Pradesh,2019,15.04,32.63,15.33,58.0,22.78,58.35,Synthetic data for visualization practice
MP_District_20,Madhya Pradesh,2020,21.08,32.04,13.42,56.57,34.84,54.6,Synthetic data for visualization practice
MP_District_20,Madhya Pradesh,2021,17.36,35.66,11.59,48.08,20.11,57.6,Synthetic data for visualization practice
MP_District_21,Madhya Pradesh,2019,14.66,29.87,13.25,47.59,20.62,62.23,Synthetic data for visualization practice
MP_District_21,Madhya Pradesh,2020,22.91,38.85,15.24,56.77,29.26,49.15,Synthetic data for visualization practice
MP_District_21,Madhya Pradesh,2021,17.54,34.5,13.36,55.99,19.2,56.31,Synthetic data for visualization practice
MP_District_22,Madhya Pradesh,2019,19.43,36.09,15.01,62.23,25.76,52.57,Synthetic data for visualization practice
MP_District_22,Madhya Pradesh,2020,9.38,24.69,8.88,41.18,12.37,71.31,Synthetic data for visualization practice
MP_District_22,Madhya Pradesh,2021,20.63,31.43,14.19,52.42,24.8,55.67,Synthetic data for visualization practice
MP_District_23,Madhya Pradesh,2019,12.45,32.03,12.57,60.28,17.11,61.21,Synthetic data for visualization practice
MP_District_23,Madhya Pradesh,2020,19.76,37.19,13.64,51.13,18.58,53.84,Synthetic data for visualization practice
MP_District_23,Madhya Pradesh,2021,23.82,29.46,13.13,44.8,27.45,55.55,Synthetic data for visualization practice
MP_District_24,Madhya Pradesh,2019,18.75,25.55,11.94,51.8,22.25,60.87,Synthetic data for visualization practice
MP_District_24,Madhya Pradesh,2020,18.01,34.24,20.18,53.61,19.38,54.38,Synthetic data for visualization practice
MP_District_24,Madhya Pradesh,2021,22.05,27.43,14.63,48.34,31.89,57.0,Synthetic data for visualization practice
MP_District_25,Madhya Pradesh,2019,10.01,34.45,11.16,40.32,16.13,65.37,Synthetic data for visualization practice
MP_District_25,Madhya Pradesh,2020,20.15,37.44,13.2,52.39,27.88,53.34,Synthetic data for visualization practice
MP_District_25,Madhya Pradesh,2021,21.99,37.17,15.27,58.93,24.01,50.41,Synthetic data for visualization practice
MP_District_26,Madhya Pradesh,2019,19.97,27.2,16.49,55.19,24.37,57.19,Synthetic data for visualization practice
MP_District_26,Madhya Pradesh,2020,21.87,28.32,19.58,56.1,20.07,54.05,Synthetic data for visualization practice
MP_District_26,Madhya Pradesh,2021,19.67,26.15,14.57,56.46,25.19,58.35,Synthetic data for visualization practice
MP_District_27,Madhya Pradesh,2019,12.38,22.64,18.22,44.58,21.73,66.62,Synthetic data for visualization practice
MP_District_27,Madhya Pradesh,2020,22.41,33.59,17.17,52.46,33.11,52.26,Synthetic data for visualization practice
MP_District_27,Madhya Pradesh,2021,26.07,38.18,15.85,62.24,34.27,45.96,Synthetic data for visualization practice
MP_District_28,Madhya Pradesh,2019,22.83,32.11,17.62,59.28,19.34,51.51,Synthetic data for visualization practice
MP_District_28,Madhya Pradesh,2020,14.67,30.1,11.53,53.33,12.78,61.76,Synthetic data for visualization practice
MP_District_28,Madhya Pradesh,2021,18.49,31.89,14.4,52.18,21.28,57.12,Synthetic data for visualization practice
MP_District_29,Madhya Pradesh,2019,24.47,29.82,14.65,55.37,17.27,52.81,Synthetic data for visualization practice
MP_District_29,Madhya Pradesh,2020,22.87,36.28,16.34,58.53,36.06,49.88,Synthetic data for visualization practice
MP_District_29,Madhya Pradesh,2021,27.38,35.26,17.33,50.48,30.43,47.69,Synthetic data for visualization practice
MP_District_30,Madhya Pradesh,2019,14.77,23.38,14.7,43.12,15.14,65.62,Synthetic data for visualization practice
MP_District_30,Madhya Pradesh,2020,15.27,27.0,16.71,54.87,21.73,61.04,Synthetic data for visualization practice
MP_District_30,Madhya Pradesh,2021,27.49,34.03,20.62,52.54,28.74,46.93,Synthetic data for visualization practice
M_District_01,Maharashtra,2019,14.35,32.35,15.95,55.9,18.44,59.17,Synthetic data for visualization practice
M_District_01,Maharashtra,2020,20.26,35.25,15.83,57.88,23.4,52.73,Synthetic data for visualization practice
M_District_01,Maharashtra,2021,22.35,27.79,15.26,49.61,23.32,56.2,Synthetic data for visualization practice
M_District_02,Maharashtra,2019,25.97,36.79,18.38,48.54,37.08,48.03,Synthetic data for visualization practice
M_District_02,Maharashtra,2020,20.15,21.5,12.6,60.6,21.93,60.26,Synthetic data for visualization practice
M_District_02,Maharashtra,2021,26.05,39.86,17.05,61.71,32.6,44.85,Synthetic data for visualization practice
M_District_03,Maharashtra,2019,17.51,36.68,18.18,60.28,22.55,53.16,Synthetic data for visualization practice
M_District_03,Maharashtra,2020,14.52,35.1,14.99,53.08,18.88,58.37,Synthetic data for visualization practice
M_District_03,Maharashtra,2021,17.79,27.45,16.03,60.46,17.3,58.16,Synthetic data for visualization practice
M_District_04,Maharashtra,2019,18.96,33.22,20.09,49.98,29.29,54.7,Synthetic data for visualization practice
M_District_04,Maharashtra,2020,24.39,37.89,22.3,54.19,23.92,46.72,Synthetic data for visualization practice
M_District_04,Maharashtra,2021,20.24,28.35,14.57,54.83,17.4,57.03,Synthetic data for visualization practice
M_District_05,Maharashtra,2019,21.47,32.2,18.4,76.08,23.81,49.79,Synthetic data for visualization practice
M_District_05,Maharashtra,2020,20.69,28.19,13.58,54.38,24.35,57.12,Synthetic data for visualization practice
M_District_05,Maharashtra,2021,15.63,37.71,17.02,51.36,15.77,55.83,Synthetic data for visualization practice
M_District_06,Maharashtra,2019,23.21,27.86,17.58,62.22,29.75,52.89,Synthetic data for visualization practice
M_District_06,Maharashtra,2020,7.28,25.56,13.66,44.15,5.0,70.68,Synthetic data for visualization practice
M_District_06,Maharashtra,2021,17.19,29.58,15.65,47.62,14.56,59.62,Synthetic data for visualization practice
M_District_07,Maharashtra,2019,22.25,37.92,14.23,52.48,26.34,51.1,Synthetic data for visualization practice
M_District_07,Maharashtra,2020,19.25,37.59,18.11,58.81,30.58,51.55,Synthetic data for visualization practice
M_District_07,Maharashtra,2021,13.48,28.58,10.13,45.96,16.24,64.99,Synthetic data for visualization practice
M_District_08,Maharashtra,2019,17.54,34.35,15.52,60.95,24.88,55.0,Synthetic data for visualization practice
M_District_08,Maharashtra,2020,23.55,36.86,18.34,50.87,24.32,49.59,Synthetic data for visualization practice
M_District_08,Maharashtra,2021,17.6,30.71,15.51,56.61,19.49,57.42,Synthetic data for visualization practice
M_District_09,Maharashtra,2019,18.22,36.41,15.43,48.75,24.42,55.27,Synthetic data for visualization practice
M_District_09,Maharashtra,2020,15.14,30.47,13.29,48.97,24.3,61.32,Synthetic data for visualization practice
M_District_09,Maharashtra,2021,23.75,37.89,21.4,62.82,36.75,46.22,Synthetic data for visualization practice
M_District_10,Maharashtra,2019,12.04,26.97,11.29,46.23,16.59,66.56,Synthetic data for visualization practice
M_District_10,Maharashtra,2020,18.93,34.35,11.64,50.89,22.24,56.56,Synthetic data for visualization practice
M_District_10,Maharashtra,2021,19.29,39.95,15.4,46.47,23.41,53.0,Synthetic data for visualization practice
M_District_11,Maharashtra,2019,20.33,28.33,19.48,49.87,24.93,56.24,Synthetic data for visualization practice
M_District_11,Maharashtra,2020,21.75,36.37,19.71,58.95,25.73,49.66,Synthetic data for visualization practice
M_District_11,Maharashtra,2021,19.78,30.35,15.35,48.39,17.2,57.14,Synthetic data for visualization practice
M_District_12,Maharashtra,2019,21.96,27.27,16.73,52.17,25.19,55.95,Synthetic data for visualization practice
M_District_12,Maharashtra,2020,24.53,30.99,16.32,53.36,33.79,51.98,Synthetic data for visualization practice
M_District_12,Maharashtra,2021,25.54,35.44,17.87,53.58,33.71,48.45,Synthetic data for visualization practice
M_District_13,Maharashtra,2019,19.06,28.08,16.86,57.02,27.93,57.1,Synthetic data for visualization practice
M_District_13,Maharashtra,2020,14.11,26.14,17.97,55.7,16.3,61.9,Synthetic data for visualization practice
M_District_13,Maharashtra,2021,20.9,28.07,13.54,56.11,22.13,56.77,Synthetic data for visualization practice
M_District_14,Maharashtra,2019,17.76,32.08,14.03,52.06,18.21,57.73,Synthetic data for visualization practice
M_District_14,Maharashtra,2020,16.45,32.69,14.61,46.8,15.91,59.1,Synthetic data for visualization practice
M_District_14,Maharashtra,2021,14.74,35.99,14.07,49.52,11.9,58.56,Synthetic data for visualization practice
M_District_15,Maharashtra,2019,19.72,33.59,13.26,53.98,15.98,55.36,Synthetic data for visualization practice
M_District_15,Maharashtra,2020,22.07,33.33,15.91,59.21,20.25,52.02,Synthetic data for visualization practice
M_District_15,Maharashtra,2021,17.89,32.94,10.59,54.89,18.75,57.8,Synthetic data for visualization practice
M_District_16,Maharashtra,2019,20.03,34.05,18.35,49.12,23.49,54.08,Synthetic data for visualization practice
M_District_16,Maharashtra,2020,20.1,34.98,16.17,68.83,20.18,51.25,Synthetic data for visualization practice
M_District_16,Maharashtra,2021,25.18,34.62,13.81,56.79,26.88,49.89,Synthetic data for visualization practice
M_District_17,Maharashtra,2019,20.8,32.58,14.27,54.62,22.89,54.6,Synthetic data for visualization practice
M_District_17,Maharashtra,2020,23.33,30.81,17.74,53.91,25.11,52.52,Synthetic data for visualization practice
M_District_17,Maharashtra,2021,19.25,38.85,13.77,55.41,23.32,52.73,Synthetic data for visualization practice
M_District_18,Maharashtra,2019,17.57,30.6,13.11,51.22,19.62,59.02,Synthetic data for visualization practice
M_District_18,Maharashtra,2020,23.64,37.27,16.7,50.38,33.52,49.88,Synthetic data for visualization practice
M_District_18,Maharashtra,2021,18.92,34.92,13.46,54.34,29.37,55.22,Synthetic data for visualization practice
M_District_19,Maharashtra,2019,24.6,32.3,14.63,60.26,26.95,50.74,Synthetic data for visualization practice
M_District_19,Maharashtra,2020,15.89,38.8,15.3,55.82,29.45,54.92,Synthetic data for visualization practice
M_District_19,Maharashtra,2021,15.23,33.08,12.4,54.62,25.09,59.36,Synthetic data for visualization practice
M_District_20,Maharashtra,2019,18.6,35.69,11.68,65.31,25.31,53.98,Synthetic data for visualization practice
M_District_20,Maharashtra,2020,33.52,45.54,18.17,69.62,39.31,34.52,Synthetic data for visualization practice
M_District_20,Maharashtra,2021,14.97,36.25,16.57,51.58,22.97,57.19,Synthetic data for visualization practice
M_District_21,Maharashtra,2019,12.72,32.78,9.17,51.7,20.34,62.92,Synthetic data for visualization practice
M_District_21,Maharashtra,2020,12.92,30.06,12.39,54.59,18.54,62.73,Synthetic data for visualization practice
M_District_21,Maharashtra,2021,13.29,19.76,7.86,59.63,15.57,68.18,Synthetic data for visualization practice
M_District_22,Maharashtra,2019,16.22,29.73,16.24,49.97,21.25,59.8,Synthetic data for visualization practice
M_District_22,Maharashtra,2020,19.21,30.29,13.49,55.95,22.27,57.05,Synthetic data for visualization practice
M_District_22,Maharashtra,2021,15.93,28.87,14.3,59.27,13.76,59.64,Synthetic data for visualization practice
M_District_23,Maharashtra,2019,16.11,28.98,14.1,62.09,26.35,59.07,Synthetic data for visualization practice
M_District_23,Maharashtra,2020,10.11,33.39,10.57,47.51,6.19,64.92,Synthetic data for visualization practice
M_District_23,Maharashtra,2021,19.78,39.14,16.07,61.5,22.23,50.56,Synthetic data for visualization practice
M_District_24,Maharashtra,2019,17.03,26.73,15.47,51.14,19.47,60.7,Synthetic data for visualization practice
M_District_24,Maharashtra,2020,19.47,28.13,16.79,52.26,19.95,57.48,Synthetic data for visualization practice
M_District_24,Maharashtra,2021,23.84,37.64,16.41,61.22,32.76,48.0,Synthetic data for visualization practice
M_District_25,Maharashtra,2019,16.63,30.8,16.13,56.26,12.01,58.02,Synthetic data for visualization practice
M_District_25,Maharashtra,2020,14.29,32.48,12.81,55.97,18.24,60.09,Synthetic data for visualization practice
M_District_25,Maharashtra,2021,22.39,36.01,16.32,54.68,22.4,50.98,Synthetic data for visualization practice
M_District_26,Maharashtra,2019,23.46,37.03,15.98,57.87,30.22,49.25,Synthetic data for visualization practice
M_District_26,Maharashtra,2020,29.27,38.41,17.85,57.51,33.93,43.4,Synthetic data for visualization practice
M_District_26,Maharashtra,2021,19.29,36.01,16.7,48.99,20.65,54.21,Synthetic data for visualization practice
M_District_27,Maharashtra,2019,15.34,35.78,17.49,53.29,20.55,56.59,Synthetic data for visualization practice
M_District_27,Maharashtra,2020,23.68,40.61,17.74,50.75,26.14,47.82,Synthetic data for visualization practice
M_District_27,Maharashtra,2021,29.58,36.23,14.82,63.75,35.24,44.21,Synthetic data for visualization practice
M_District_28,Maharashtra,2019,21.94,31.8,12.69,58.19,23.11,54.01,Synthetic data for visualization practice
M_District_28,Maharashtra,2020,16.82,25.88,13.58,56.51,17.06,61.05,Synthetic data for visualization practice
M_District_28,Maharashtra,2021,18.41,27.45,14.64,56.77,25.04,58.64,Synthetic data for visualization practice
M_District_29,Maharashtra,2019,19.5,38.73,15.39,46.51,21.1,53.44,Synthetic data for visualization practice
M_District_29,Maharashtra,2020,27.49,31.97,16.95,58.74,26.11,48.13,Synthetic data for visualization practice
M_District_29,Maharashtra,2021,21.53,38.4,15.59,62.38,25.36,49.54,Synthetic data for visualization practice
M_District_30,Maharashtra,2019,13.98,22.42,14.18,61.36,16.34,64.15,Synthetic data for visualization practice
M_District_30,Maharashtra,2020,21.16,31.98,14.68,60.68,22.0,53.58,Synthetic data for visualization practice
M_District_30,Maharashtra,2021,29.53,41.46,17.47,62.24,32.85,41.07,Synthetic data for visualization practice
M_District_01,Manipur,2019,8.48,26.86,11.39,40.16,8.84,70.34,Synthetic data for visualization practice
M_District_01,Manipur,2020,16.34,26.29,13.16,51.01,18.71,62.18,Synthetic data for visualization practice
M_District_01,Manipur,2021,17.84,24.2,9.5,53.61,14.66,62.74,Synthetic data for visualization practice
M_District_02,Manipur,2019,19.37,28.98,14.82,52.38,25.43,57.71,Synthetic data for visualization practice
M_District_02,Manipur,2020,24.43,35.22,22.3,56.91,33.46,47.62,Synthetic data for visualization practice
M_District_02,Manipur,2021,23.51,37.86,16.6,58.25,26.5,48.54,Synthetic data for visualization practice
M_District_03,Manipur,2019,16.08,38.96,17.05,53.97,14.73,54.45,Synthetic data for visualization practice
M_District_03,Manipur,2020,18.01,30.86,16.87,61.14,24.76,55.93,Synthetic data for visualization practice
M_District_03,Manipur,2021,12.9,37.82,13.47,59.5,13.37,57.8,Synthetic data for visualization practice
M_District_04,Manipur,2019,18.46,35.92,18.01,48.82,22.5,54.54,Synthetic data for visualization practice
M_District_04,Manipur,2020,19.82,32.38,13.72,59.93,18.31,54.85,Synthetic data for visualization practice
M_District_04,Manipur,2021,21.33,34.58,12.31,51.39,28.5,54.25,Synthetic data for visualization practice
M_District_05,Manipur,2019,17.38,28.7,11.68,55.57,24.15,59.91,Synthetic data for visualization practice
M_District_05,Manipur,2020,9.55,19.8,13.44,39.19,10.16,72.55,Synthetic data for visualization practice
M_District_05,Manipur,2021,25.2,42.55,11.79,59.87,24.15,46.04,Synthetic data for visualization practice
M_District_06,Manipur,2019,13.74,34.47,14.93,47.36,12.88,60.19,Synthetic data for visualization practice
M_District_06,Manipur,2020,14.66,27.05,11.61,51.92,26.16,63.48,Synthetic data for visualization practice
M_District_06,Manipur,2021,17.47,30.91,14.42,56.06,19.81,57.83,Synthetic data for visualization practice
M_District_07,Manipur,2019,20.71,36.69,13.79,55.16,22.73,52.68,Synthetic data for visualization practice
M_District_07,Manipur,2020,21.76,41.19,12.09,54.42,32.85,50.21,Synthetic data for visualization practice
M_District_07,Manipur,2021,23.5,32.91,14.62,55.42,18.07,52.04,Synthetic data for visualization practice
M_District_08,Manipur,2019,17.25,17.37,14.46,53.3,19.36,65.18,Synthetic data for visualization practice
M_District_08,Manipur,2020,26.84,36.01,18.75,53.94,28.93,46.81,Synthetic data for visualization practice
M_District_08,Manipur,2021,20.15,28.34,14.57,62.1,27.03,56.02,Synthetic data for visualization practice
M_District_09,Manipur,2019,23.55,39.14,14.26,58.43,34.17,48.55,Synthetic data for visualization practice
M_District_09,Manipur,2020,22.85,35.57,13.86,61.25,25.21,50.59,Synthetic data for visualization practice
M_District_09,Manipur,2021,24.95,28.38,17.48,56.56,35.81,52.13,Synthetic data for visualization practice
M_District_10,Manipur,2019,18.63,31.17,14.41,61.46,23.64,55.97,Synthetic data for visualization practice
M_District_10,Manipur,2020,14.27,25.06,13.91,45.63,19.95,65.04,Synthetic data for visualization practice
M_District_10,Manipur,2021,13.75,32.3,12.52,52.41,8.81,61.23,Synthetic data for visualization practice
M_District_11,Manipur,2019,23.13,24.3,15.18,59.62,26.02,55.85,Synthetic data for visualization practice
M_District_11,Manipur,2020,17.52,34.64,14.58,60.93,18.93,55.15,Synthetic data for visualization practice
M_District_11,Manipur,2021,22.98,33.85,8.62,55.3,29.7,53.81,Synthetic data for visualization practice
M_District_12,Manipur,2019,21.13,36.4,18.77,55.6,24.86,50.92,Synthetic data for visualization practice
M_District_12,Manipur,2020,29.3,32.87,15.92,59.18,39.27,46.47,Synthetic data for visualization practice
M_District_12,Manipur,2021,19.26,31.4,14.41,52.28,27.45,56.73,Synthetic data for visualization practice
M_District_13,Manipur,2019,24.71,34.27,19.18,51.24,25.84,49.65,Synthetic data for visualization practice
M_District_13,Manipur,2020,9.76,27.4,15.45,45.33,11.63,67.06,Synthetic data for visualization practice
M_District_13,Manipur,2021,16.26,33.23,12.87,49.9,18.02,59.03,Synthetic data for visualization practice
M_District_14,Manipur,2019,21.78,34.34,13.6,62.34,20.45,51.97,Synthetic data for visualization practice
M_District_14,Manipur,2020,22.46,39.97,15.75,49.1,20.36,49.96,Synthetic data for visualization practice
M_District_14,Manipur,2021,30.43,37.44,20.0,65.29,40.48,41.15,Synthetic data for visualization practice
M_District_15,Manipur,2019,19.75,28.12,16.6,54.72,21.44,56.95,Synthetic data for visualization practice
M_District_15,Manipur,2020,21.99,33.09,13.33,60.24,28.05,52.83,Synthetic data for visualization practice
M_District_15,Manipur,2021,25.41,38.19,17.43,58.56,36.51,46.56,Synthetic data for visualization practice
M_District_16,Manipur,2019,11.33,19.67,16.35,51.2,12.13,68.52,Synthetic data for visualization practice
M_District_16,Manipur,2020,12.0,21.3,12.99,59.65,21.03,66.91,Synthetic data for visualization practice
M_District_16,Manipur,2021,18.58,30.3,14.78,60.15,16.35,56.53,Synthetic data for visualization practice
M_District_17,Manipur,2019,22.75,34.69,18.42,53.36,20.9,50.93,Synthetic data for visualization practice
M_District_17,Manipur,2020,27.39,38.8,17.18,57.27,35.58,44.94,Synthetic data for visualization practice
M_District_17,Manipur,2021,19.82,36.74,14.45,47.4,25.72,54.33,Synthetic data for visualization practice
M_District_18,Manipur,2019,15.02,25.65,14.5,52.45,11.21,62.94,Synthetic data for visualization practice
M_District_18,Manipur,2020,20.88,34.12,8.45,53.95,22.84,55.61,Synthetic data for visualization practice
M_District_18,Manipur,2021,26.37,43.25,13.18,57.39,26.27,44.71,Synthetic data for visualization practice
M_District_19,Manipur,2019,29.88,39.83,17.88,68.32,36.07,40.57,Synthetic data for visualization practice
M_District_19,Manipur,2020,29.12,39.84,16.41,64.77,33.91,42.14,Synthetic data for visualization practice
M_District_19,Manipur,2021,23.55,33.55,18.72,65.63,31.14,48.92,Synthetic data for visualization practice
M_District_20,Manipur,2019,20.08,34.99,13.71,64.47,21.87,52.66,Synthetic data for visualization practice
M_District_20,Manipur,2020,23.26,41.83,14.69,56.68,26.66,47.57,Synthetic data for visualization practice
M_District_20,Manipur,2021,14.7,24.13,15.54,53.65,14.94,63.47,Synthetic data for visualization practice
M_District_21,Manipur,2019,20.87,28.94,15.73,59.06,21.06,55.26,Synthetic data for visualization practice
M_District_21,Manipur,2020,14.16,23.09,13.25,45.39,9.29,66.34,Synthetic data for visualization practice
M_District_21,Manipur,2021,21.01,26.96,15.59,53.59,31.79,57.0,Synthetic data for visualization practice
M_District_22,Manipur,2019,17.54,27.5,12.95,57.41,30.02,59.72,Synthetic data for visualization practice
M_District_22,Manipur,2020,29.78,37.77,11.38,63.31,35.41,44.38,Synthetic data for visualization practice
M_District_22,Manipur,2021,30.85,40.82,14.74,59.43,36.63,41.57,Synthetic data for visualization practice
M_District_23,Manipur,2019,9.21,30.84,11.23,42.08,10.29,67.53,Synthetic data for visualization practice
M_District_23,Manipur,2020,25.38,34.43,13.48,68.73,30.9,48.13,Synthetic data for visualization practice
M_District_23,Manipur,2021,22.21,37.79,14.25,53.87,20.03,50.98,Synthetic data for visualization practice
M_District_24,Manipur,2019,19.26,34.79,14.51,49.35,32.53,55.44,Synthetic data for visualization practice
M_District_24,Manipur,2020,16.22,29.06,12.06,50.04,24.13,61.37,Synthetic data for visualization practice
M_District_24,Manipur,2021,15.94,37.06,15.22,61.33,21.79,54.95,Synthetic data for visualization practice
M_District_25,Manipur,2019,22.09,31.84,15.08,59.96,17.84,52.89,Synthetic data for visualization practice
M_District_25,Manipur,2020,16.3,33.3,17.25,57.04,13.02,56.59,Synthetic data for visualization practice
M_District_25,Manipur,2021,23.6,31.53,21.17,49.71,30.78,51.55,Synthetic data for visualization practice
M_District_26,Manipur,2019,26.35,37.25,19.08,49.15,26.31,47.2,Synthetic data for visualization practice
M_District_26,Manipur,2020,11.75,31.58,9.07,43.25,18.86,65.6,Synthetic data for visualization practice
M_District_26,Manipur,2021,24.46,34.82,17.54,60.59,25.95,48.67,Synthetic data for visualization practice
M_District_27,Manipur,2019,17.52,34.09,16.61,54.95,16.04,55.72,Synthetic data for visualization practice
M_District_27,Manipur,2020,17.61,31.68,13.2,51.97,15.52,58.32,Synthetic data for visualization practice
M_District_27,Manipur,2021,20.04,27.35,12.53,53.39,18.87,58.52,Synthetic data for visualization practice
M_District_28,Manipur,2019,19.46,38.11,18.24,48.78,31.61,52.59,Synthetic data for visualization practice
M_District_28,Manipur,2020,10.4,32.21,16.58,44.41,6.58,63.94,Synthetic data for visualization practice
M_District_28,Manipur,2021,20.39,31.74,14.05,61.01,36.49,54.45,Synthetic data for visualization practice
M_District_29,Manipur,2019,20.57,36.77,16.42,47.02,32.05,53.18,Synthetic data for visualization practice
M_District_29,Manipur,2020,16.11,30.14,10.81,51.43,10.9,61.09,Synthetic data for visualization practice
M_District_29,Manipur,2021,22.1,27.95,20.24,61.39,27.92,53.06,Synthetic data for visualization practice
M_District_30,Manipur,2019,20.5,28.76,15.93,48.67,22.59,57.14,Synthetic data for visualization practice
M_District_30,Manipur,2020,16.78,26.76,18.31,53.21,24.16,59.72,Synthetic data for visualization practice
M_District_30,Manipur,2021,15.32,28.04,14.98,52.93,26.11,61.28,Synthetic data for visualization practice
M_District_01,Meghalaya,2019,21.24,38.82,13.67,44.6,23.9,52.8,Synthetic data for visualization practice
M_District_01,Meghalaya,2020,12.22,31.67,6.26,47.7,15.47,65.36,Synthetic data for visualization practice
M_District_01,Meghalaya,2021,24.86,39.26,12.11,50.15,32.43,49.33,Synthetic data for visualization practice
M_District_02,Meghalaya,2019,21.99,29.62,15.75,50.56,26.69,55.29,Synthetic data for visualization practice
M_District_02,Meghalaya,2020,34.04,42.66,16.92,51.46,34.29,38.64,Synthetic data for visualization practice
M_District_02,Meghalaya,2021,19.47,28.59,13.94,57.93,14.19,57.26,Synthetic data for visualization practice
M_District_03,Meghalaya,2019,19.53,33.03,13.31,51.82,24.98,56.1,Synthetic data for visualization practice
M_District_03,Meghalaya,2020,23.65,43.53,17.01,63.13,29.26,44.74,Synthetic data for visualization practice
M_District_03,Meghalaya,2021,18.96,29.54,15.73,57.77,18.88,56.68,Synthetic data for visualization practice
M_District_04,Meghalaya,2019,24.77,41.33,19.14,61.92,19.17,44.49,Synthetic data for visualization practice
M_District_04,Meghalaya,2020,19.89,38.42,12.49,52.1,31.27,53.32,Synthetic data for visualization practice
M_District_04,Meghalaya,2021,23.27,30.18,14.54,57.61,22.85,53.29,Synthetic data for visualization practice
M_District_05,Meghalaya,2019,32.54,41.57,16.3,56.67,27.7,39.79,Synthetic data for visualization practice
M_District_05,Meghalaya,2020,14.87,32.05,14.85,49.35,19.44,60.22,Synthetic data for visualization practice
M_District_05,Meghalaya,2021,24.38,34.93,17.69,62.31,35.61,48.38,Synthetic data for visualization practice
M_District_06,Meghalaya,2019,24.63,32.89,18.45,62.53,26.33,48.93,Synthetic data for visualization practice
M_District_06,Meghalaya,2020,20.65,29.73,17.22,42.17,33.92,57.13,Synthetic data for visualization practice
M_District_06,Meghalaya,2021,24.9,33.39,15.15,52.82,26.77,50.91,Synthetic data for visualization practice
M_District_07,Meghalaya,2019,15.06,27.33,13.09,50.37,18.37,62.81,Synthetic data for visualization practice
M_District_07,Meghalaya,2020,25.03,37.15,14.82,55.32,34.94,48.66,Synthetic data for visualization practice
M_District_07,Meghalaya,2021,7.73,21.42,12.39,52.4,9.89,71.53,Synthetic data for visualization practice
M_District_08,Meghalaya,2019,14.64,29.0,16.35,49.28,21.35,61.49,Synthetic data for visualization practice
M_District_08,Meghalaya,2020,25.04,37.6,14.36,59.07,24.86,48.0,Synthetic data for visualization practice
M_District_08,Meghalaya,2021,18.93,34.48,11.32,55.18,19.4,55.94,Synthetic data for visualization practice
M_District_09,Meghalaya,2019,22.45,36.26,14.85,61.26,23.56,50.27,Synthetic data for visualization practice
M_District_09,Meghalaya,2020,10.54,15.01,12.46,44.74,13.63,73.61,Synthetic data for visualization practice
M_District_09,Meghalaya,2021,13.48,26.82,14.54,45.61,22.53,64.6,Synthetic data for visualization practice
M_District_10,Meghalaya,2019,16.36,33.38,16.47,53.1,17.2,57.31,Synthetic data for visualization practice
M_District_10,Meghalaya,2020,14.1,32.3,10.97,50.27,15.4,61.74,Synthetic data for visualization practice
M_District_10,Meghalaya,2021,16.81,27.21,9.57,55.53,18.4,61.75,Synthetic data for visualization practice
M_District_11,Meghalaya,2019,12.81,33.38,14.69,48.24,8.55,61.42,Synthetic data for visualization practice
M_District_11,Meghalaya,2020,15.21,31.36,14.04,50.99,14.49,60.29,Synthetic data for visualization practice
M_District_11,Meghalaya,2021,15.7,32.52,14.43,52.76,13.51,58.94,Synthetic data for visualization practice
M_District_12,Meghalaya,2019,19.08,29.56,17.54,60.57,14.98,55.61,Synthetic data for visualization practice
M_District_12,Meghalaya,2020,21.5,35.7,13.18,54.1,17.3,52.88,Synthetic data for visualization practice
M_District_12,Meghalaya,2021,24.77,31.39,15.84,59.12,27.28,50.87,Synthetic data for visualization practice
M_District_13,Meghalaya,2019,30.53,38.54,20.61,60.02,41.5,41.12,Synthetic data for visualization practice
M_District_13,Meghalaya,2020,19.62,30.98,17.53,62.61,32.05,54.16,Synthetic data for visualization practice
M_District_13,Meghalaya,2021,15.1,32.58,12.22,50.47,19.58,60.39,Synthetic data for visualization practice
M_District_14,Meghalaya,2019,11.26,22.99,12.84,40.0,18.46,69.65,Synthetic data for visualization practice
M_District_14,Meghalaya,2020,13.93,36.22,18.9,45.76,20.19,58.21,Synthetic data for visualization practice
M_District_14,Meghalaya,2021,17.36,30.31,18.85,50.95,24.07,57.66,Synthetic data for visualization practice
M_District_15,Meghalaya,2019,17.24,18.43,13.2,52.98,12.37,65.09,Synthetic data for visualization practice
M_District_15,Meghalaya,2020,17.48,36.42,10.84,63.83,14.34,54.98,Synthetic data for visualization practice
M_District_15,Meghalaya,2021,15.82,31.3,12.69,50.23,9.0,60.35,Synthetic data for visualization practice
M_District_16,Meghalaya,2019,18.52,31.25,12.7,47.96,25.97,58.55,Synthetic data for visualization practice
M_District_16,Meghalaya,2020,13.88,27.96,14.55,51.63,18.79,62.81,Synthetic data for visualization practice
M_District_16,Meghalaya,2021,21.45,35.67,15.38,60.02,38.33,51.39,Synthetic data for visualization practice
M_District_17,Meghalaya,2019,19.99,30.02,16.53,45.6,22.68,57.19,Synthetic data for visualization practice
M_District_17,Meghalaya,2020,23.03,32.72,15.18,56.18,29.28,52.23,Synthetic data for visualization practice
M_District_17,Meghalaya,2021,34.81,46.02,17.29,67.77,32.92,33.79,Synthetic data for visualization practice
M_District_18,Meghalaya,2019,10.9,27.74,14.74,41.02,13.96,66.84,Synthetic data for visualization practice
M_District_18,Meghalaya,2020,17.18,31.62,17.84,46.11,15.39,58.18,Synthetic data for visualization practice
M_District_18,Meghalaya,2021,22.68,26.36,15.52,51.07,36.9,56.36,Synthetic data for visualization practice
M_District_19,Meghalaya,2019,17.48,28.25,15.45,51.78,20.13,59.49,Synthetic data for visualization practice
M_District_19,Meghalaya,2020,22.06,30.27,11.3,55.48,28.37,55.5,Synthetic data for visualization practice
M_District_19,Meghalaya,2021,9.42,29.29,7.91,55.18,11.76,67.17,Synthetic data for visualization practice
M_District_20,Meghalaya,2019,16.71,34.25,14.17,49.43,23.29,57.85,Synthetic data for visualization practice
M_District_20,Meghalaya,2020,15.7,24.09,11.12,53.95,25.0,63.96,Synthetic data for visualization practice
M_District_20,Meghalaya,2021,23.12,31.03,17.22,56.46,23.58,52.36,Synthetic data for visualization practice
M_District_21,Meghalaya,2019,20.1,30.54,15.13,54.42,24.17,55.95,Synthetic data for visualization practice
M_District_21,Meghalaya,2020,16.98,26.12,14.43,49.03,20.4,61.67,Synthetic data for visualization practice
M_District_21,Meghalaya,2021,14.16,32.73,14.0,48.55,14.33,60.82,Synthetic data for visualization practice
M_District_22,Meghalaya,2019,14.63,33.24,8.97,44.44,26.95,62.32,Synthetic data for visualization practice
M_District_22,Meghalaya,2020,23.91,41.86,17.74,59.32,18.9,45.72,Synthetic data for visualization practice
M_District_22,Meghalaya,2021,12.68,26.78,11.13,51.01,9.47,65.48,Synthetic data for visualization practice
M_District_23,Meghalaya,2019,15.45,30.8,11.66,49.99,25.92,61.24,Synthetic data for visualization practice
M_District_23,Meghalaya,2020,15.73,31.31,13.4,48.92,21.97,60.4,Synthetic data for visualization practice
M_District_23,Meghalaya,2021,15.64,27.53,13.93,50.77,16.54,61.93,Synthetic data for visualization practice
M_District_24,Meghalaya,2019,27.01,35.32,17.12,54.42,34.12,47.43,Synthetic data for visualization practice
M_District_24,Meghalaya,2020,17.0,26.36,15.22,50.52,19.93,61.07,Synthetic data for visualization practice
M_District_24,Meghalaya,2021,16.57,42.95,12.49,42.43,20.5,55.16,Synthetic data for visualization practice
M_District_25,Meghalaya,2019,24.49,32.74,19.32,61.62,24.5,49.0,Synthetic data for visualization practice
M_District_25,Meghalaya,2020,16.04,31.55,16.2,54.41,17.86,58.37,Synthetic data for visualization practice
M_District_25,Meghalaya,2021,14.43,37.86,14.23,55.72,14.45,56.9,Synthetic data for visualization practice
M_District_26,Meghalaya,2019,21.74,37.55,17.23,57.45,26.21,50.04,Synthetic data for visualization practice
M_District_26,Meghalaya,2020,18.85,32.1,13.94,67.65,19.44,54.54,Synthetic data for visualization practice
M_District_26,Meghalaya,2021,17.31,28.07,14.66,66.1,13.53,57.8,Synthetic data for visualization practice
M_District_27,Meghalaya,2019,14.66,26.68,15.88,48.86,14.03,62.84,Synthetic data for visualization practice
M_District_27,Meghalaya,2020,16.03,23.59,13.44,44.58,23.68,64.66,Synthetic data for visualization practice
M_District_27,Meghalaya,2021,18.76,28.17,15.72,51.26,29.73,58.5,Synthetic data for visualization practice
M_District_28,Meghalaya,2019,26.24,35.64,16.04,62.61,40.44,46.99,Synthetic data for visualization practice
M_District_28,Meghalaya,2020,20.69,32.07,14.6,59.19,29.4,54.15,Synthetic data for visualization practice
M_District_28,Meghalaya,2021,22.94,31.58,15.71,51.11,17.98,53.47,Synthetic data for visualization practice
M_District_29,Meghalaya,2019,12.95,27.46,10.79,53.89,16.1,64.59,Synthetic data for visualization practice
M_District_29,Meghalaya,2020,13.53,27.87,15.86,51.87,16.74,62.7,Synthetic data for visualization practice
M_District_29,Meghalaya,2021,14.54,25.43,10.44,57.99,21.53,63.82,Synthetic data for visualization practice
M_District_30,Meghalaya,2019,19.84,30.66,12.9,50.47,28.05,57.36,Synthetic data for visualization practice
M_District_30,Meghalaya,2020,22.41,42.65,18.73,63.11,29.59,45.66,Synthetic data for visualization practice
M_District_30,Meghalaya,2021,22.82,36.94,14.83,64.98,31.07,49.08,Synthetic data for visualization practice
M_District_01,Mizoram,2019,19.9,39.91,11.39,64.13,22.77,51.09,Synthetic data for visualization practice
M_District_01,Mizoram,2020,13.58,26.46,9.27,54.09,19.63,65.01,Synthetic data for visualization practice
M_District_01,Mizoram,2021,15.02,34.8,12.08,50.42,13.66,59.4,Synthetic data for visualization practice
M_District_02,Mizoram,2019,24.44,38.56,15.45,54.83,17.68,48.31,Synthetic data for visualization practice
M_District_02,Mizoram,2020,18.44,30.47,15.94,49.22,20.1,57.85,Synthetic data for visualization practice
M_District_02,Mizoram,2021,15.64,25.93,15.73,52.09,13.69,61.99,Synthetic data for visualization practice
M_District_03,Mizoram,2019,14.72,32.87,13.06,60.82,23.22,58.75,Synthetic data for visualization practice
M_District_03,Mizoram,2020,20.29,25.08,13.19,49.08,29.96,59.91,Synthetic data for visualization practice
M_District_03,Mizoram,2021,26.35,40.23,15.87,58.23,35.24,45.31,Synthetic data for visualization practice
M_District_04,Mizoram,2019,24.08,31.01,20.08,56.19,29.35,50.78,Synthetic data for visualization practice
M_District_04,Mizoram,2020,8.64,29.29,12.41,48.11,18.41,67.5,Synthetic data for visualization practice
M_District_04,Mizoram,2021,15.6,29.1,15.06,55.34,18.78,60.15,Synthetic data for visualization practice
M_District_05,Mizoram,2019,24.49,33.45,16.62,51.12,32.23,51.03,Synthetic data for visualization practice
M_District_05,Mizoram,2020,17.34,27.43,9.29,52.4,27.21,61.77,Synthetic data for visualization practice
M_District_05,Mizoram,2021,26.92,39.38,22.61,61.52,36.85,42.77,Synthetic data for visualization practice
M_District_06,Mizoram,2019,16.79,28.7,12.8,57.84,17.79,59.7,Synthetic data for visualization practice
M_District_06,Mizoram,2020,18.21,28.74,13.39,56.83,29.37,58.52,Synthetic data for visualization practice
M_District_06,Mizoram,2021,31.71,37.58,16.89,65.55,30.19,40.95,Synthetic data for visualization practice
M_District_07,Mizoram,2019,16.26,20.46,14.37,51.66,19.11,64.7,Synthetic data for visualization practice
M_District_07,Mizoram,2020,22.96,29.61,15.1,46.47,28.99,55.33,Synthetic data for visualization practice
M_District_07,Mizoram,2021,15.3,29.42,16.13,42.11,11.62,61.9,Synthetic data for visualization practice
M_District_08,Mizoram,2019,18.4,34.81,16.2,61.66,15.51,53.77,Synthetic data for visualization practice
M_District_08,Mizoram,2020,19.95,28.79,12.28,58.73,16.26,57.15,Synthetic data for visualization practice
M_District_08,Mizoram,2021,13.28,29.71,16.0,50.34,8.3,62.17,Synthetic data for visualization practice
M_District_09,Mizoram,2019,19.92,30.13,16.17,54.8,27.11,55.92,Synthetic data for visualization practice
M_District_09,Mizoram,2020,18.13,38.35,13.43,51.43,20.7,54.57,Synthetic data for visualization practice
M_District_09,Mizoram,2021,13.25,31.92,15.4,51.15,11.6,61.15,Synthetic data for visualization practice
M_District_10,Mizoram,2019,26.8,40.68,20.63,58.57,29.93,43.25,Synthetic data for visualization practice
M_District_10,Mizoram,2020,17.53,34.76,18.31,59.8,15.53,54.13,Synthetic data for visualization practice
M_District_10,Mizoram,2021,30.0,39.41,14.04,63.04,38.43,42.63,Synthetic data for visualization practice
M_District_11,Mizoram,2019,21.8,35.88,15.21,60.84,26.61,50.93,Synthetic data for visualization practice
M_District_11,Mizoram,2020,10.91,32.81,17.4,52.75,6.07,61.74,Synthetic data for visualization practice
M_District_11,Mizoram,2021,27.81,37.31,18.28,60.06,36.92,44.6,Synthetic data for visualization practice
M_District_12,Mizoram,2019,12.22,30.83,13.08,48.14,15.55,63.66,Synthetic data for visualization practice
M_District_12,Mizoram,2020,16.87,34.4,11.39,46.53,15.19,58.9,Synthetic data for visualization practice
M_District_12,Mizoram,2021,17.09,33.59,18.31,61.2,25.84,54.86,Synthetic data for visualization practice
M_District_13,Mizoram,2019,20.97,36.37,20.87,43.96,21.38,52.18,Synthetic data for visualization practice
M_District_13,Mizoram,2020,18.56,30.86,17.74,53.87,16.39,56.32,Synthetic data for visualization practice
M_District_13,Mizoram,2021,17.49,29.53,13.0,54.72,20.57,59.14,Synthetic data for visualization practice
M_District_14,Mizoram,2019,26.29,40.86,13.75,50.59,31.51,46.83,Synthetic data for visualization practice
M_District_14,Mizoram,2020,29.34,43.2,15.95,63.19,24.81,40.66,Synthetic data for visualization practice
M_District_14,Mizoram,2021,19.36,38.12,14.42,54.13,29.93,53.01,Synthetic data for visualization practice
M_District_15,Mizoram,2019,20.5,26.44,15.93,45.1,28.66,58.84,Synthetic data for visualization practice
M_District_15,Mizoram,2020,20.76,35.73,17.8,58.59,18.54,51.4,Synthetic data for visualization practice
M_District_15,Mizoram,2021,25.87,37.82,15.37,63.6,37.52,46.24,Synthetic data for visualization practice
M_District_16,Mizoram,2019,24.46,41.08,17.6,57.74,34.65,45.95,Synthetic data for visualization practice
M_District_16,Mizoram,2020,22.31,35.69,15.06,52.99,26.41,51.84,Synthetic data for visualization practice
M_District_16,Mizoram,2021,13.1,32.57,10.19,49.43,20.27,62.76,Synthetic data for visualization practice
M_District_17,Mizoram,2019,15.34,30.07,14.99,52.23,24.85,60.36,Synthetic data for visualization practice
M_District_17,Mizoram,2020,20.14,24.88,17.06,52.41,28.38,58.46,Synthetic data for visualization practice
M_District_17,Mizoram,2021,10.19,32.53,9.39,60.3,6.66,63.72,Synthetic data for visualization practice
M_District_18,Mizoram,2019,15.87,30.9,13.63,44.87,22.78,61.04,Synthetic data for visualization practice
M_District_18,Mizoram,2020,28.59,35.74,19.57,69.65,41.95,42.94,Synthetic data for visualization practice
M_District_18,Mizoram,2021,19.93,33.81,10.28,59.46,30.05,55.15,Synthetic data for visualization practice
M_District_19,Mizoram,2019,17.74,33.54,13.78,61.13,19.55,55.73,Synthetic data for visualization practice
M_District_19,Mizoram,2020,25.56,31.14,20.64,54.6,30.23,49.6,Synthetic data for visualization practice
M_District_19,Mizoram,2021,33.6,42.53,20.98,48.43,37.33,38.3,Synthetic data for visualization practice
M_District_20,Mizoram,2019,24.89,30.81,15.49,45.5,27.49,53.21,Synthetic data for visualization practice
M_District_20,Mizoram,2020,13.82,34.12,16.41,48.61,22.67,59.67,Synthetic data for visualization practice
M_District_20,Mizoram,2021,19.23,33.55,11.94,57.61,23.43,55.62,Synthetic data for visualization practice
