State,Year,Measure,Value,Dataset_Status
Andhra Pradesh,2015,Beneficiaries_Lakh,16.16,Synthetic data for visualization practice
Andhra Pradesh,2015,Foodgrain_Allocation_Lakh_Tonnes,8.43,Synthetic data for visualization practice
Andhra Pradesh,2015,Foodgrain_Distribution_Lakh_Tonnes,7.33,Synthetic data for visualization practice
Andhra Pradesh,2015,Coverage_Percent,83.91,Synthetic data for visualization practice
Andhra Pradesh,2015,Utilization_Percent,86.94,Synthetic data for visualization practice
Arunachal Pradesh,2015,Beneficiaries_Lakh,21.75,Synthetic data for visualization practice
Arunachal Pradesh,2015,Foodgrain_Allocation_Lakh_Tonnes,11.9,Synthetic data for visualization practice
Arunachal Pradesh,2015,Foodgrain_Distribution_Lakh_Tonnes,10.61,Synthetic data for visualization practice
Arunachal Pradesh,2015,Coverage_Percent,83.38,Synthetic data for visualization practice
Arunachal Pradesh,2015,Utilization_Percent,89.16,Synthetic data for visualization practice
Assam,2015,Beneficiaries_Lakh,18.89,Synthetic data for visualization practice
Assam,2015,Foodgrain_Allocation_Lakh_Tonnes,9.01,Synthetic data for visualization practice
Assam,2015,Foodgrain_Distribution_Lakh_Tonnes,8.26,Synthetic data for visualization practice
Assam,2015,Coverage_Percent,69.23,Synthetic data for visualization practice
Assam,2015,Utilization_Percent,91.68,Synthetic data for visualization practice
Bihar,2015,Beneficiaries_Lakh,7.0,Synthetic data for visualization practice
Bihar,2015,Foodgrain_Allocation_Lakh_Tonnes,4.24,Synthetic data for visualization practice
Bihar,2015,Foodgrain_Distribution_Lakh_Tonnes,3.85,Synthetic data for visualization practice
Bihar,2015,Coverage_Percent,82.14,Synthetic data for visualization practice
Bihar,2015,Utilization_Percent,90.9,Synthetic data for visualization practice
Chhattisgarh,2015,Beneficiaries_Lakh,25.57,Synthetic data for visualization practice
Chhattisgarh,2015,Foodgrain_Allocation_Lakh_Tonnes,14.58,Synthetic data for visualization practice
Chhattisgarh,2015,Foodgrain_Distribution_Lakh_Tonnes,11.85,Synthetic data for visualization practice
Chhattisgarh,2015,Coverage_Percent,84.71,Synthetic data for visualization practice
Chhattisgarh,2015,Utilization_Percent,81.29,Synthetic data for visualization practice
Goa,2015,Beneficiaries_Lakh,48.23,Synthetic data for visualization practice
Goa,2015,Foodgrain_Allocation_Lakh_Tonnes,28.91,Synthetic data for visualization practice
Goa,2015,Foodgrain_Distribution_Lakh_Tonnes,23.32,Synthetic data for visualization practice
Goa,2015,Coverage_Percent,79.32,Synthetic data for visualization practice
Goa,2015,Utilization_Percent,80.66,Synthetic data for visualization practice
Gujarat,2015,Beneficiaries_Lakh,11.91,Synthetic data for visualization practice
Gujarat,2015,Foodgrain_Allocation_Lakh_Tonnes,6.19,Synthetic data for visualization practice
Gujarat,2015,Foodgrain_Distribution_Lakh_Tonnes,4.99,Synthetic data for visualization practice
Gujarat,2015,Coverage_Percent,70.14,Synthetic data for visualization practice
Gujarat,2015,Utilization_Percent,80.49,Synthetic data for visualization practice
Haryana,2015,Beneficiaries_Lakh,22.1,Synthetic data for visualization practice
Haryana,2015,Foodgrain_Allocation_Lakh_Tonnes,13.53,Synthetic data for visualization practice
Haryana,2015,Foodgrain_Distribution_Lakh_Tonnes,12.32,Synthetic data for visualization practice
Haryana,2015,Coverage_Percent,81.92,Synthetic data for visualization practice
Haryana,2015,Utilization_Percent,91.01,Synthetic data for visualization practice
Himachal Pradesh,2015,Beneficiaries_Lakh,4.92,Synthetic data for visualization practice
Himachal Pradesh,2015,Foodgrain_Allocation_Lakh_Tonnes,2.47,Synthetic data for visualization practice
Himachal Pradesh,2015,Foodgrain_Distribution_Lakh_Tonnes,2.01,Synthetic data for visualization practice
Himachal Pradesh,2015,Coverage_Percent,76.08,Synthetic data for visualization practice
Himachal Pradesh,2015,Utilization_Percent,81.39,Synthetic data for visualization practice
Jharkhand,2015,Beneficiaries_Lakh,3.56,Synthetic data for visualization practice
Jharkhand,2015,Foodgrain_Allocation_Lakh_Tonnes,2.02,Synthetic data for visualization practice
Jharkhand,2015,Foodgrain_Distribution_Lakh_Tonnes,1.64,Synthetic data for visualization practice
Jharkhand,2015,Coverage_Percent,81.12,Synthetic data for visualization practice
Jharkhand,2015,Utilization_Percent,81.27,Synthetic data for visualization practice
Karnataka,2015,Beneficiaries_Lakh,23.78,Synthetic data for visualization practice
Karnataka,2015,Foodgrain_Allocation_Lakh_Tonnes,10.32,Synthetic data for visualization practice
Karnataka,2015,Foodgrain_Distribution_Lakh_Tonnes,9.52,Synthetic data for visualization practice
Karnataka,2015,Coverage_Percent,78.85,Synthetic data for visualization practice
Karnataka,2015,Utilization_Percent,92.22,Synthetic data for visualization practice
Kerala,2015,Beneficiaries_Lakh,22.29,Synthetic data for visualization practice
Kerala,2015,Foodgrain_Allocation_Lakh_Tonnes,10.35,Synthetic data for visualization practice
Kerala,2015,Foodgrain_Distribution_Lakh_Tonnes,8.77,Synthetic data for visualization practice
Kerala,2015,Coverage_Percent,79.33,Synthetic data for visualization practice
Kerala,2015,Utilization_Percent,84.74,Synthetic data for visualization practice
Madhya Pradesh,2015,Beneficiaries_Lakh,26.89,Synthetic data for visualization practice
Madhya Pradesh,2015,Foodgrain_Allocation_Lakh_Tonnes,15.6,Synthetic data for visualization practice
Madhya Pradesh,2015,Foodgrain_Distribution_Lakh_Tonnes,13.53,Synthetic data for visualization practice
Madhya Pradesh,2015,Coverage_Percent,69.95,Synthetic data for visualization practice
Madhya Pradesh,2015,Utilization_Percent,86.74,Synthetic data for visualization practice
Maharashtra,2015,Beneficiaries_Lakh,15.18,Synthetic data for visualization practice
Maharashtra,2015,Foodgrain_Allocation_Lakh_Tonnes,8.56,Synthetic data for visualization practice
Maharashtra,2015,Foodgrain_Distribution_Lakh_Tonnes,8.09,Synthetic data for visualization practice
Maharashtra,2015,Coverage_Percent,80.68,Synthetic data for visualization practice
Maharashtra,2015,Utilization_Percent,94.58,Synthetic data for visualization practice
Manipur,2015,Beneficiaries_Lakh,7.26,Synthetic data for visualization practice
Manipur,2015,Foodgrain_Allocation_Lakh_Tonnes,4.44,Synthetic data for visualization practice
Manipur,2015,Foodgrain_Distribution_Lakh_Tonnes,3.84,Synthetic data for visualization practice
Manipur,2015,Coverage_Percent,78.05,Synthetic data for visualization practice
Manipur,2015,Utilization_Percent,86.42,Synthetic data for visualization practice
Meghalaya,2015,Beneficiaries_Lakh,32.64,Synthetic data for visualization practice
Meghalaya,2015,Foodgrain_Allocation_Lakh_Tonnes,14.77,Synthetic data for visualization practice
Meghalaya,2015,Foodgrain_Distribution_Lakh_Tonnes,11.78,Synthetic data for visualization practice
Meghalaya,2015,Coverage_Percent,85.19,Synthetic data for visualization practice
Meghalaya,2015,Utilization_Percent,79.73,Synthetic data for visualization practice
Mizoram,2015,Beneficiaries_Lakh,4.73,Synthetic data for visualization practice
Mizoram,2015,Foodgrain_Allocation_Lakh_Tonnes,2.59,Synthetic data for visualization practice
Mizoram,2015,Foodgrain_Distribution_Lakh_Tonnes,2.03,Synthetic data for visualization practice
Mizoram,2015,Coverage_Percent,82.57,Synthetic data for visualization practice
Mizoram,2015,Utilization_Percent,78.56,Synthetic data for visualization practice
Nagaland,2015,Beneficiaries_Lakh,6.51,Synthetic data for visualization practice
Nagaland,2015,Foodgrain_Allocation_Lakh_Tonnes,2.92,Synthetic data for visualization practice
Nagaland,2015,Foodgrain_Distribution_Lakh_Tonnes,2.28,Synthetic data for visualization practice
Nagaland,2015,Coverage_Percent,90.94,Synthetic data for visualization practice
Nagaland,2015,Utilization_Percent,78.11,Synthetic data for visualization practice
Odisha,2015,Beneficiaries_Lakh,38.19,Synthetic data for visualization practice
Odisha,2015,Foodgrain_Allocation_Lakh_Tonnes,22.2,Synthetic data for visualization practice
Odisha,2015,Foodgrain_Distribution_Lakh_Tonnes,19.79,Synthetic data for visualization practice
Odisha,2015,Coverage_Percent,86.76,Synthetic data for visualization practice
Odisha,2015,Utilization_Percent,89.16,Synthetic data for visualization practice
Punjab,2015,Beneficiaries_Lakh,19.09,Synthetic data for visualization practice
Punjab,2015,Foodgrain_Allocation_Lakh_Tonnes,11.3,Synthetic data for visualization practice
Punjab,2015,Foodgrain_Distribution_Lakh_Tonnes,9.36,Synthetic data for visualization practice
Punjab,2015,Coverage_Percent,67.55,Synthetic data for visualization practice
Punjab,2015,Utilization_Percent,82.79,Synthetic data for visualization practice
Rajasthan,2015,Beneficiaries_Lakh,10.96,Synthetic data for visualization practice
Rajasthan,2015,Foodgrain_Allocation_Lakh_Tonnes,6.49,Synthetic data for visualization practice
Rajasthan,2015,Foodgrain_Distribution_Lakh_Tonnes,5.79,Synthetic data for visualization practice
Rajasthan,2015,Coverage_Percent,77.53,Synthetic data for visualization practice
Rajasthan,2015,Utilization_Percent,89.17,Synthetic data for visualization practice
Sikkim,2015,Beneficiaries_Lakh,34.41,Synthetic data for visualization practice
Sikkim,2015,Foodgrain_Allocation_Lakh_Tonnes,17.55,Synthetic data for visualization practice
Sikkim,2015,Foodgrain_Distribution_Lakh_Tonnes,14.94,Synthetic data for visualization practice
Sikkim,2015,Coverage_Percent,92.04,Synthetic data for visualization practice
Sikkim,2015,Utilization_Percent,85.14,Synthetic data for visualization practice
Tamil Nadu,2015,Beneficiaries_Lakh,6.86,Synthetic data for visualization practice
Tamil Nadu,2015,Foodgrain_Allocation_Lakh_Tonnes,3.06,Synthetic data for visualization practice
Tamil Nadu,2015,Foodgrain_Distribution_Lakh_Tonnes,2.73,Synthetic data for visualization practice
Tamil Nadu,2015,Coverage_Percent,77.62,Synthetic data for visualization practice
Tamil Nadu,2015,Utilization_Percent,89.42,Synthetic data for visualization practice
Telangana,2015,Beneficiaries_Lakh,5.33,Synthetic data for visualization practice
Telangana,2015,Foodgrain_Allocation_Lakh_Tonnes,2.37,Synthetic data for visualization practice
Telangana,2015,Foodgrain_Distribution_Lakh_Tonnes,2.07,Synthetic data for visualization practice
Telangana,2015,Coverage_Percent,81.71,Synthetic data for visualization practice
Telangana,2015,Utilization_Percent,87.37,Synthetic data for visualization practice
Tripura,2015,Beneficiaries_Lakh,6.76,Synthetic data for visualization practice
Tripura,2015,Foodgrain_Allocation_Lakh_Tonnes,3.98,Synthetic data for visualization practice
Tripura,2015,Foodgrain_Distribution_Lakh_Tonnes,3.55,Synthetic data for visualization practice
Tripura,2015,Coverage_Percent,89.53,Synthetic data for visualization practice
Tripura,2015,Utilization_Percent,89.25,Synthetic data for visualization practice
Uttar Pradesh,2015,Beneficiaries_Lakh,30.81,Synthetic data for visualization practice
Uttar Pradesh,2015,Foodgrain_Allocation_Lakh_Tonnes,15.17,Synthetic data for visualization practice
Uttar Pradesh,2015,Foodgrain_Distribution_Lakh_Tonnes,12.25,Synthetic data for visualization practice
Uttar Pradesh,2015,Coverage_Percent,81.59,Synthetic data for visualization practice
Uttar Pradesh,2015,Utilization_Percent,80.76,Synthetic data for visualization practice
Uttarakhand,2015,Beneficiaries_Lakh,24.99,Synthetic data for visualization practice
Uttarakhand,2015,Foodgrain_Allocation_Lakh_Tonnes,11.18,Synthetic data for visualization practice
Uttarakhand,2015,Foodgrain_Distribution_Lakh_Tonnes,9.62,Synthetic data for visualization practice
Uttarakhand,2015,Coverage_Percent,77.12,Synthetic data for visualization practice
Uttarakhand,2015,Utilization_Percent,86.06,Synthetic data for visualization practice
West Bengal,2015,Beneficiaries_Lakh,2.33,Synthetic data for visualization practice
West Bengal,2015,Foodgrain_Allocation_Lakh_Tonnes,1.17,Synthetic data for visualization practice
West Bengal,2015,Foodgrain_Distribution_Lakh_Tonnes,0.98,Synthetic data for visualization practice
West Bengal,2015,Coverage_Percent,70.48,Synthetic data for visualization practice
West Bengal,2015,Utilization_Percent,83.12,Synthetic data for visualization practice
Delhi,2015,Beneficiaries_Lakh,19.36,Synthetic data for visualization practice
Delhi,2015,Foodgrain_Allocation_Lakh_Tonnes,9.45,Synthetic data for visualization practice
Delhi,2015,Foodgrain_Distribution_Lakh_Tonnes,9.2,Synthetic data for visualization practice
Delhi,2015,Coverage_Percent,95.93,Synthetic data for visualization practice
Delhi,2015,Utilization_Percent,97.42,Synthetic data for visualization practice
Jammu and Kashmir,2015,Beneficiaries_Lakh,23.56,Synthetic data for visualization practice
Jammu and Kashmir,2015,Foodgrain_Allocation_Lakh_Tonnes,11.39,Synthetic data for visualization practice
Jammu and Kashmir,2015,Foodgrain_Distribution_Lakh_Tonnes,10.46,Synthetic data for visualization practice
Jammu and Kashmir,2015,Coverage_Percent,79.52,Synthetic data for visualization practice
Jammu and Kashmir,2015,Utilization_Percent,91.79,Synthetic data for visualization practice
Andhra Pradesh,2016,Beneficiaries_Lakh,18.9,Synthetic data for visualization practice
Andhra Pradesh,2016,Foodgrain_Allocation_Lakh_Tonnes,9.97,Synthetic data for visualization practice
Andhra Pradesh,2016,Foodgrain_Distribution_Lakh_Tonnes,8.01,Synthetic data for visualization practice
Andhra Pradesh,2016,Coverage_Percent,86.51,Synthetic data for visualization practice
Andhra Pradesh,2016,Utilization_Percent,80.31,Synthetic data for visualization practice
Arunachal Pradesh,2016,Beneficiaries_Lakh,41.01,Synthetic data for visualization practice
Arunachal Pradesh,2016,Foodgrain_Allocation_Lakh_Tonnes,24.55,Synthetic data for visualization practice
Arunachal Pradesh,2016,Foodgrain_Distribution_Lakh_Tonnes,21.82,Synthetic data for visualization practice
Arunachal Pradesh,2016,Coverage_Percent,81.68,Synthetic data for visualization practice
Arunachal Pradesh,2016,Utilization_Percent,88.9,Synthetic data for visualization practice
Assam,2016,Beneficiaries_Lakh,18.0,Synthetic data for visualization practice
Assam,2016,Foodgrain_Allocation_Lakh_Tonnes,8.24,Synthetic data for visualization practice
Assam,2016,Foodgrain_Distribution_Lakh_Tonnes,7.49,Synthetic data for visualization practice
Assam,2016,Coverage_Percent,76.34,Synthetic data for visualization practice
Assam,2016,Utilization_Percent,90.84,Synthetic data for visualization practice
Bihar,2016,Beneficiaries_Lakh,7.56,Synthetic data for visualization practice
Bihar,2016,Foodgrain_Allocation_Lakh_Tonnes,3.58,Synthetic data for visualization practice
Bihar,2016,Foodgrain_Distribution_Lakh_Tonnes,3.13,Synthetic data for visualization practice
Bihar,2016,Coverage_Percent,67.07,Synthetic data for visualization practice
Bihar,2016,Utilization_Percent,87.52,Synthetic data for visualization practice
Chhattisgarh,2016,Beneficiaries_Lakh,17.11,Synthetic data for visualization practice
Chhattisgarh,2016,Foodgrain_Allocation_Lakh_Tonnes,7.36,Synthetic data for visualization practice
Chhattisgarh,2016,Foodgrain_Distribution_Lakh_Tonnes,6.41,Synthetic data for visualization practice
Chhattisgarh,2016,Coverage_Percent,89.3,Synthetic data for visualization practice
Chhattisgarh,2016,Utilization_Percent,87.17,Synthetic data for visualization practice
Goa,2016,Beneficiaries_Lakh,18.93,Synthetic data for visualization practice
Goa,2016,Foodgrain_Allocation_Lakh_Tonnes,8.87,Synthetic data for visualization practice
Goa,2016,Foodgrain_Distribution_Lakh_Tonnes,8.58,Synthetic data for visualization practice
Goa,2016,Coverage_Percent,86.45,Synthetic data for visualization practice
Goa,2016,Utilization_Percent,96.67,Synthetic data for visualization practice
Gujarat,2016,Beneficiaries_Lakh,6.03,Synthetic data for visualization practice
Gujarat,2016,Foodgrain_Allocation_Lakh_Tonnes,3.1,Synthetic data for visualization practice
Gujarat,2016,Foodgrain_Distribution_Lakh_Tonnes,2.73,Synthetic data for visualization practice
Gujarat,2016,Coverage_Percent,80.07,Synthetic data for visualization practice
Gujarat,2016,Utilization_Percent,88.04,Synthetic data for visualization practice
Haryana,2016,Beneficiaries_Lakh,7.66,Synthetic data for visualization practice
Haryana,2016,Foodgrain_Allocation_Lakh_Tonnes,4.18,Synthetic data for visualization practice
Haryana,2016,Foodgrain_Distribution_Lakh_Tonnes,3.63,Synthetic data for visualization practice
Haryana,2016,Coverage_Percent,85.66,Synthetic data for visualization practice
Haryana,2016,Utilization_Percent,86.8,Synthetic data for visualization practice
Himachal Pradesh,2016,Beneficiaries_Lakh,25.86,Synthetic data for visualization practice
Himachal Pradesh,2016,Foodgrain_Allocation_Lakh_Tonnes,13.39,Synthetic data for visualization practice
Himachal Pradesh,2016,Foodgrain_Distribution_Lakh_Tonnes,12.63,Synthetic data for visualization practice
Himachal Pradesh,2016,Coverage_Percent,89.59,Synthetic data for visualization practice
Himachal Pradesh,2016,Utilization_Percent,94.3,Synthetic data for visualization practice
Jharkhand,2016,Beneficiaries_Lakh,14.66,Synthetic data for visualization practice
Jharkhand,2016,Foodgrain_Allocation_Lakh_Tonnes,6.92,Synthetic data for visualization practice
Jharkhand,2016,Foodgrain_Distribution_Lakh_Tonnes,5.82,Synthetic data for visualization practice
Jharkhand,2016,Coverage_Percent,81.09,Synthetic data for visualization practice
Jharkhand,2016,Utilization_Percent,84.21,Synthetic data for visualization practice
Karnataka,2016,Beneficiaries_Lakh,9.55,Synthetic data for visualization practice
Karnataka,2016,Foodgrain_Allocation_Lakh_Tonnes,5.09,Synthetic data for visualization practice
Karnataka,2016,Foodgrain_Distribution_Lakh_Tonnes,4.15,Synthetic data for visualization practice
Karnataka,2016,Coverage_Percent,90.56,Synthetic data for visualization practice
Karnataka,2016,Utilization_Percent,81.6,Synthetic data for visualization practice
Kerala,2016,Beneficiaries_Lakh,14.48,Synthetic data for visualization practice
Kerala,2016,Foodgrain_Allocation_Lakh_Tonnes,6.26,Synthetic data for visualization practice
Kerala,2016,Foodgrain_Distribution_Lakh_Tonnes,5.79,Synthetic data for visualization practice
Kerala,2016,Coverage_Percent,87.56,Synthetic data for visualization practice
Kerala,2016,Utilization_Percent,92.57,Synthetic data for visualization practice
Madhya Pradesh,2016,Beneficiaries_Lakh,29.76,Synthetic data for visualization practice
Madhya Pradesh,2016,Foodgrain_Allocation_Lakh_Tonnes,16.71,Synthetic data for visualization practice
Madhya Pradesh,2016,Foodgrain_Distribution_Lakh_Tonnes,15.06,Synthetic data for visualization practice
Madhya Pradesh,2016,Coverage_Percent,69.14,Synthetic data for visualization practice
Madhya Pradesh,2016,Utilization_Percent,90.13,Synthetic data for visualization practice
Maharashtra,2016,Beneficiaries_Lakh,16.98,Synthetic data for visualization practice
Maharashtra,2016,Foodgrain_Allocation_Lakh_Tonnes,7.35,Synthetic data for visualization practice
Maharashtra,2016,Foodgrain_Distribution_Lakh_Tonnes,7.06,Synthetic data for visualization practice
Maharashtra,2016,Coverage_Percent,81.56,Synthetic data for visualization practice
Maharashtra,2016,Utilization_Percent,96.1,Synthetic data for visualization practice
Manipur,2016,Beneficiaries_Lakh,23.62,Synthetic data for visualization practice
Manipur,2016,Foodgrain_Allocation_Lakh_Tonnes,11.22,Synthetic data for visualization practice
Manipur,2016,Foodgrain_Distribution_Lakh_Tonnes,9.97,Synthetic data for visualization practice
Manipur,2016,Coverage_Percent,88.29,Synthetic data for visualization practice
Manipur,2016,Utilization_Percent,88.88,Synthetic data for visualization practice
Meghalaya,2016,Beneficiaries_Lakh,13.57,Synthetic data for visualization practice
Meghalaya,2016,Foodgrain_Allocation_Lakh_Tonnes,6.51,Synthetic data for visualization practice
Meghalaya,2016,Foodgrain_Distribution_Lakh_Tonnes,5.75,Synthetic data for visualization practice
Meghalaya,2016,Coverage_Percent,92.27,Synthetic data for visualization practice
Meghalaya,2016,Utilization_Percent,88.33,Synthetic data for visualization practice
Mizoram,2016,Beneficiaries_Lakh,11.88,Synthetic data for visualization practice
Mizoram,2016,Foodgrain_Allocation_Lakh_Tonnes,6.85,Synthetic data for visualization practice
Mizoram,2016,Foodgrain_Distribution_Lakh_Tonnes,6.33,Synthetic data for visualization practice
Mizoram,2016,Coverage_Percent,80.65,Synthetic data for visualization practice
Mizoram,2016,Utilization_Percent,92.33,Synthetic data for visualization practice
Nagaland,2016,Beneficiaries_Lakh,6.41,Synthetic data for visualization practice
Nagaland,2016,Foodgrain_Allocation_Lakh_Tonnes,3.71,Synthetic data for visualization practice
Nagaland,2016,Foodgrain_Distribution_Lakh_Tonnes,3.13,Synthetic data for visualization practice
Nagaland,2016,Coverage_Percent,83.33,Synthetic data for visualization practice
Nagaland,2016,Utilization_Percent,84.47,Synthetic data for visualization practice
Odisha,2016,Beneficiaries_Lakh,15.66,Synthetic data for visualization practice
Odisha,2016,Foodgrain_Allocation_Lakh_Tonnes,7.54,Synthetic data for visualization practice
Odisha,2016,Foodgrain_Distribution_Lakh_Tonnes,6.54,Synthetic data for visualization practice
Odisha,2016,Coverage_Percent,84.93,Synthetic data for visualization practice
Odisha,2016,Utilization_Percent,86.78,Synthetic data for visualization practice
Punjab,2016,Beneficiaries_Lakh,20.79,Synthetic data for visualization practice
Punjab,2016,Foodgrain_Allocation_Lakh_Tonnes,12.21,Synthetic data for visualization practice
Punjab,2016,Foodgrain_Distribution_Lakh_Tonnes,10.41,Synthetic data for visualization practice
Punjab,2016,Coverage_Percent,79.96,Synthetic data for visualization practice
Punjab,2016,Utilization_Percent,85.3,Synthetic data for visualization practice
Rajasthan,2016,Beneficiaries_Lakh,9.26,Synthetic data for visualization practice
Rajasthan,2016,Foodgrain_Allocation_Lakh_Tonnes,4.67,Synthetic data for visualization practice
Rajasthan,2016,Foodgrain_Distribution_Lakh_Tonnes,4.19,Synthetic data for visualization practice
Rajasthan,2016,Coverage_Percent,86.2,Synthetic data for visualization practice
Rajasthan,2016,Utilization_Percent,89.6,Synthetic data for visualization practice
Sikkim,2016,Beneficiaries_Lakh,21.66,Synthetic data for visualization practice
Sikkim,2016,Foodgrain_Allocation_Lakh_Tonnes,12.12,Synthetic data for visualization practice
Sikkim,2016,Foodgrain_Distribution_Lakh_Tonnes,9.68,Synthetic data for visualization practice
Sikkim,2016,Coverage_Percent,74.65,Synthetic data for visualization practice
Sikkim,2016,Utilization_Percent,79.9,Synthetic data for visualization practice
Tamil Nadu,2016,Beneficiaries_Lakh,10.74,Synthetic data for visualization practice
Tamil Nadu,2016,Foodgrain_Allocation_Lakh_Tonnes,4.8,Synthetic data for visualization practice
Tamil Nadu,2016,Foodgrain_Distribution_Lakh_Tonnes,4.52,Synthetic data for visualization practice
Tamil Nadu,2016,Coverage_Percent,92.78,Synthetic data for visualization practice
Tamil Nadu,2016,Utilization_Percent,94.26,Synthetic data for visualization practice
Telangana,2016,Beneficiaries_Lakh,7.02,Synthetic data for visualization practice
Telangana,2016,Foodgrain_Allocation_Lakh_Tonnes,3.89,Synthetic data for visualization practice
Telangana,2016,Foodgrain_Distribution_Lakh_Tonnes,3.1,Synthetic data for visualization practice
Telangana,2016,Coverage_Percent,89.37,Synthetic data for visualization practice
Telangana,2016,Utilization_Percent,79.84,Synthetic data for visualization practice
Tripura,2016,Beneficiaries_Lakh,24.94,Synthetic data for visualization practice
Tripura,2016,Foodgrain_Allocation_Lakh_Tonnes,11.4,Synthetic data for visualization practice
Tripura,2016,Foodgrain_Distribution_Lakh_Tonnes,9.97,Synthetic data for visualization practice
Tripura,2016,Coverage_Percent,80.66,Synthetic data for visualization practice
Tripura,2016,Utilization_Percent,87.49,Synthetic data for visualization practice
Uttar Pradesh,2016,Beneficiaries_Lakh,13.05,Synthetic data for visualization practice
Uttar Pradesh,2016,Foodgrain_Allocation_Lakh_Tonnes,6.28,Synthetic data for visualization practice
Uttar Pradesh,2016,Foodgrain_Distribution_Lakh_Tonnes,5.53,Synthetic data for visualization practice
Uttar Pradesh,2016,Coverage_Percent,76.19,Synthetic data for visualization practice
Uttar Pradesh,2016,Utilization_Percent,88.1,Synthetic data for visualization practice
Uttarakhand,2016,Beneficiaries_Lakh,9.02,Synthetic data for visualization practice
Uttarakhand,2016,Foodgrain_Allocation_Lakh_Tonnes,4.99,Synthetic data for visualization practice
Uttarakhand,2016,Foodgrain_Distribution_Lakh_Tonnes,4.47,Synthetic data for visualization practice
Uttarakhand,2016,Coverage_Percent,76.4,Synthetic data for visualization practice
Uttarakhand,2016,Utilization_Percent,89.72,Synthetic data for visualization practice
West Bengal,2016,Beneficiaries_Lakh,27.04,Synthetic data for visualization practice
West Bengal,2016,Foodgrain_Allocation_Lakh_Tonnes,14.45,Synthetic data for visualization practice
West Bengal,2016,Foodgrain_Distribution_Lakh_Tonnes,12.07,Synthetic data for visualization practice
West Bengal,2016,Coverage_Percent,86.82,Synthetic data for visualization practice
West Bengal,2016,Utilization_Percent,83.51,Synthetic data for visualization practice
Delhi,2016,Beneficiaries_Lakh,33.66,Synthetic data for visualization practice
Delhi,2016,Foodgrain_Allocation_Lakh_Tonnes,17.55,Synthetic data for visualization practice
Delhi,2016,Foodgrain_Distribution_Lakh_Tonnes,17.2,Synthetic data for visualization practice
Delhi,2016,Coverage_Percent,87.24,Synthetic data for visualization practice
Delhi,2016,Utilization_Percent,98.0,Synthetic data for visualization practice
Jammu and Kashmir,2016,Beneficiaries_Lakh,4.55,Synthetic data for visualization practice
Jammu and Kashmir,2016,Foodgrain_Allocation_Lakh_Tonnes,2.36,Synthetic data for visualization practice
Jammu and Kashmir,2016,Foodgrain_Distribution_Lakh_Tonnes,1.94,Synthetic data for visualization practice
Jammu and Kashmir,2016,Coverage_Percent,64.42,Synthetic data for visualization practice
Jammu and Kashmir,2016,Utilization_Percent,82.39,Synthetic data for visualization practice
Andhra Pradesh,2017,Beneficiaries_Lakh,33.69,Synthetic data for visualization practice
Andhra Pradesh,2017,Foodgrain_Allocation_Lakh_Tonnes,16.48,Synthetic data for visualization practice
Andhra Pradesh,2017,Foodgrain_Distribution_Lakh_Tonnes,14.62,Synthetic data for visualization practice
Andhra Pradesh,2017,Coverage_Percent,71.14,Synthetic data for visualization practice
Andhra Pradesh,2017,Utilization_Percent,88.68,Synthetic data for visualization practice
Arunachal Pradesh,2017,Beneficiaries_Lakh,21.03,Synthetic data for visualization practice
Arunachal Pradesh,2017,Foodgrain_Allocation_Lakh_Tonnes,11.05,Synthetic data for visualization practice
Arunachal Pradesh,2017,Foodgrain_Distribution_Lakh_Tonnes,9.41,Synthetic data for visualization practice
Arunachal Pradesh,2017,Coverage_Percent,69.69,Synthetic data for visualization practice
Arunachal Pradesh,2017,Utilization_Percent,85.18,Synthetic data for visualization practice
Assam,2017,Beneficiaries_Lakh,5.95,Synthetic data for visualization practice
Assam,2017,Foodgrain_Allocation_Lakh_Tonnes,2.78,Synthetic data for visualization practice
Assam,2017,Foodgrain_Distribution_Lakh_Tonnes,2.32,Synthetic data for visualization practice
Assam,2017,Coverage_Percent,73.06,Synthetic data for visualization practice
Assam,2017,Utilization_Percent,83.38,Synthetic data for visualization practice
Bihar,2017,Beneficiaries_Lakh,28.46,Synthetic data for visualization practice
Bihar,2017,Foodgrain_Allocation_Lakh_Tonnes,16.77,Synthetic data for visualization practice
Bihar,2017,Foodgrain_Distribution_Lakh_Tonnes,15.41,Synthetic data for visualization practice
Bihar,2017,Coverage_Percent,82.55,Synthetic data for visualization practice
Bihar,2017,Utilization_Percent,91.89,Synthetic data for visualization practice
Chhattisgarh,2017,Beneficiaries_Lakh,12.94,Synthetic data for visualization practice
Chhattisgarh,2017,Foodgrain_Allocation_Lakh_Tonnes,7.0,Synthetic data for visualization practice
Chhattisgarh,2017,Foodgrain_Distribution_Lakh_Tonnes,5.96,Synthetic data for visualization practice
Chhattisgarh,2017,Coverage_Percent,75.68,Synthetic data for visualization practice
Chhattisgarh,2017,Utilization_Percent,85.18,Synthetic data for visualization practice
Goa,2017,Beneficiaries_Lakh,32.15,Synthetic data for visualization practice
Goa,2017,Foodgrain_Allocation_Lakh_Tonnes,19.78,Synthetic data for visualization practice
Goa,2017,Foodgrain_Distribution_Lakh_Tonnes,17.7,Synthetic data for visualization practice
Goa,2017,Coverage_Percent,68.66,Synthetic data for visualization practice
Goa,2017,Utilization_Percent,89.47,Synthetic data for visualization practice
Gujarat,2017,Beneficiaries_Lakh,20.42,Synthetic data for visualization practice
Gujarat,2017,Foodgrain_Allocation_Lakh_Tonnes,10.8,Synthetic data for visualization practice
Gujarat,2017,Foodgrain_Distribution_Lakh_Tonnes,9.83,Synthetic data for visualization practice
Gujarat,2017,Coverage_Percent,98.0,Synthetic data for visualization practice
Gujarat,2017,Utilization_Percent,91.02,Synthetic data for visualization practice
Haryana,2017,Beneficiaries_Lakh,23.61,Synthetic data for visualization practice
Haryana,2017,Foodgrain_Allocation_Lakh_Tonnes,12.24,Synthetic data for visualization practice
Haryana,2017,Foodgrain_Distribution_Lakh_Tonnes,10.24,Synthetic data for visualization practice
Haryana,2017,Coverage_Percent,77.0,Synthetic data for visualization practice
Haryana,2017,Utilization_Percent,83.65,Synthetic data for visualization practice
Himachal Pradesh,2017,Beneficiaries_Lakh,21.19,Synthetic data for visualization practice
Himachal Pradesh,2017,Foodgrain_Allocation_Lakh_Tonnes,10.96,Synthetic data for visualization practice
Himachal Pradesh,2017,Foodgrain_Distribution_Lakh_Tonnes,9.87,Synthetic data for visualization practice
Himachal Pradesh,2017,Coverage_Percent,74.93,Synthetic data for visualization practice
Himachal Pradesh,2017,Utilization_Percent,90.08,Synthetic data for visualization practice
Jharkhand,2017,Beneficiaries_Lakh,33.01,Synthetic data for visualization practice
Jharkhand,2017,Foodgrain_Allocation_Lakh_Tonnes,17.43,Synthetic data for visualization practice
Jharkhand,2017,Foodgrain_Distribution_Lakh_Tonnes,14.64,Synthetic data for visualization practice
Jharkhand,2017,Coverage_Percent,87.6,Synthetic data for visualization practice
Jharkhand,2017,Utilization_Percent,83.99,Synthetic data for visualization practice
Karnataka,2017,Beneficiaries_Lakh,4.5,Synthetic data for visualization practice
Karnataka,2017,Foodgrain_Allocation_Lakh_Tonnes,2.6,Synthetic data for visualization practice
Karnataka,2017,Foodgrain_Distribution_Lakh_Tonnes,2.38,Synthetic data for visualization practice
Karnataka,2017,Coverage_Percent,90.63,Synthetic data for visualization practice
Karnataka,2017,Utilization_Percent,91.41,Synthetic data for visualization practice
Kerala,2017,Beneficiaries_Lakh,26.75,Synthetic data for visualization practice
Kerala,2017,Foodgrain_Allocation_Lakh_Tonnes,11.34,Synthetic data for visualization practice
Kerala,2017,Foodgrain_Distribution_Lakh_Tonnes,10.43,Synthetic data for visualization practice
Kerala,2017,Coverage_Percent,73.99,Synthetic data for visualization practice
Kerala,2017,Utilization_Percent,91.97,Synthetic data for visualization practice
Madhya Pradesh,2017,Beneficiaries_Lakh,32.6,Synthetic data for visualization practice
Madhya Pradesh,2017,Foodgrain_Allocation_Lakh_Tonnes,17.38,Synthetic data for visualization practice
Madhya Pradesh,2017,Foodgrain_Distribution_Lakh_Tonnes,15.24,Synthetic data for visualization practice
Madhya Pradesh,2017,Coverage_Percent,82.84,Synthetic data for visualization practice
Madhya Pradesh,2017,Utilization_Percent,87.67,Synthetic data for visualization practice
Maharashtra,2017,Beneficiaries_Lakh,4.59,Synthetic data for visualization practice
Maharashtra,2017,Foodgrain_Allocation_Lakh_Tonnes,2.49,Synthetic data for visualization practice
Maharashtra,2017,Foodgrain_Distribution_Lakh_Tonnes,2.22,Synthetic data for visualization practice
Maharashtra,2017,Coverage_Percent,78.91,Synthetic data for visualization practice
Maharashtra,2017,Utilization_Percent,88.98,Synthetic data for visualization practice
Manipur,2017,Beneficiaries_Lakh,23.02,Synthetic data for visualization practice
Manipur,2017,Foodgrain_Allocation_Lakh_Tonnes,12.59,Synthetic data for visualization practice
Manipur,2017,Foodgrain_Distribution_Lakh_Tonnes,12.34,Synthetic data for visualization practice
Manipur,2017,Coverage_Percent,83.28,Synthetic data for visualization practice
Manipur,2017,Utilization_Percent,98.0,Synthetic data for visualization practice
Meghalaya,2017,Beneficiaries_Lakh,11.09,Synthetic data for visualization practice
Meghalaya,2017,Foodgrain_Allocation_Lakh_Tonnes,6.73,Synthetic data for visualization practice
Meghalaya,2017,Foodgrain_Distribution_Lakh_Tonnes,6.18,Synthetic data for visualization practice
Meghalaya,2017,Coverage_Percent,87.37,Synthetic data for visualization practice
Meghalaya,2017,Utilization_Percent,91.8,Synthetic data for visualization practice
Mizoram,2017,Beneficiaries_Lakh,22.65,Synthetic data for visualization practice
Mizoram,2017,Foodgrain_Allocation_Lakh_Tonnes,9.76,Synthetic data for visualization practice
Mizoram,2017,Foodgrain_Distribution_Lakh_Tonnes,8.73,Synthetic data for visualization practice
Mizoram,2017,Coverage_Percent,81.2,Synthetic data for visualization practice
Mizoram,2017,Utilization_Percent,89.42,Synthetic data for visualization practice
Nagaland,2017,Beneficiaries_Lakh,39.43,Synthetic data for visualization practice
Nagaland,2017,Foodgrain_Allocation_Lakh_Tonnes,17.76,Synthetic data for visualization practice
Nagaland,2017,Foodgrain_Distribution_Lakh_Tonnes,15.59,Synthetic data for visualization practice
Nagaland,2017,Coverage_Percent,69.81,Synthetic data for visualization practice
Nagaland,2017,Utilization_Percent,87.73,Synthetic data for visualization practice
Odisha,2017,Beneficiaries_Lakh,7.52,Synthetic data for visualization practice
Odisha,2017,Foodgrain_Allocation_Lakh_Tonnes,4.33,Synthetic data for visualization practice
Odisha,2017,Foodgrain_Distribution_Lakh_Tonnes,3.61,Synthetic data for visualization practice
Odisha,2017,Coverage_Percent,78.7,Synthetic data for visualization practice
Odisha,2017,Utilization_Percent,83.19,Synthetic data for visualization practice
Punjab,2017,Beneficiaries_Lakh,11.98,Synthetic data for visualization practice
Punjab,2017,Foodgrain_Allocation_Lakh_Tonnes,5.09,Synthetic data for visualization practice
Punjab,2017,Foodgrain_Distribution_Lakh_Tonnes,4.46,Synthetic data for visualization practice
Punjab,2017,Coverage_Percent,81.58,Synthetic data for visualization practice
Punjab,2017,Utilization_Percent,87.66,Synthetic data for visualization practice
Rajasthan,2017,Beneficiaries_Lakh,18.55,Synthetic data for visualization practice
Rajasthan,2017,Foodgrain_Allocation_Lakh_Tonnes,9.54,Synthetic data for visualization practice
Rajasthan,2017,Foodgrain_Distribution_Lakh_Tonnes,7.39,Synthetic data for visualization practice
Rajasthan,2017,Coverage_Percent,80.56,Synthetic data for visualization practice
Rajasthan,2017,Utilization_Percent,77.48,Synthetic data for visualization practice
Sikkim,2017,Beneficiaries_Lakh,18.93,Synthetic data for visualization practice
Sikkim,2017,Foodgrain_Allocation_Lakh_Tonnes,8.66,Synthetic data for visualization practice
Sikkim,2017,Foodgrain_Distribution_Lakh_Tonnes,7.4,Synthetic data for visualization practice
Sikkim,2017,Coverage_Percent,81.28,Synthetic data for visualization practice
Sikkim,2017,Utilization_Percent,85.5,Synthetic data for visualization practice
Tamil Nadu,2017,Beneficiaries_Lakh,22.64,Synthetic data for visualization practice
Tamil Nadu,2017,Foodgrain_Allocation_Lakh_Tonnes,10.01,Synthetic data for visualization practice
Tamil Nadu,2017,Foodgrain_Distribution_Lakh_Tonnes,8.57,Synthetic data for visualization practice
Tamil Nadu,2017,Coverage_Percent,88.2,Synthetic data for visualization practice
Tamil Nadu,2017,Utilization_Percent,85.56,Synthetic data for visualization practice
Telangana,2017,Beneficiaries_Lakh,13.07,Synthetic data for visualization practice
Telangana,2017,Foodgrain_Allocation_Lakh_Tonnes,7.13,Synthetic data for visualization practice
Telangana,2017,Foodgrain_Distribution_Lakh_Tonnes,6.13,Synthetic data for visualization practice
Telangana,2017,Coverage_Percent,98.0,Synthetic data for visualization practice
Telangana,2017,Utilization_Percent,86.07,Synthetic data for visualization practice
Tripura,2017,Beneficiaries_Lakh,18.36,Synthetic data for visualization practice
Tripura,2017,Foodgrain_Allocation_Lakh_Tonnes,8.56,Synthetic data for visualization practice
Tripura,2017,Foodgrain_Distribution_Lakh_Tonnes,7.2,Synthetic data for visualization practice
Tripura,2017,Coverage_Percent,85.69,Synthetic data for visualization practice
Tripura,2017,Utilization_Percent,84.17,Synthetic data for visualization practice
Uttar Pradesh,2017,Beneficiaries_Lakh,13.95,Synthetic data for visualization practice
Uttar Pradesh,2017,Foodgrain_Allocation_Lakh_Tonnes,6.92,Synthetic data for visualization practice
Uttar Pradesh,2017,Foodgrain_Distribution_Lakh_Tonnes,5.78,Synthetic data for visualization practice
Uttar Pradesh,2017,Coverage_Percent,73.99,Synthetic data for visualization practice
Uttar Pradesh,2017,Utilization_Percent,83.52,Synthetic data for visualization practice
Uttarakhand,2017,Beneficiaries_Lakh,12.44,Synthetic data for visualization practice
Uttarakhand,2017,Foodgrain_Allocation_Lakh_Tonnes,7.34,Synthetic data for visualization practice
Uttarakhand,2017,Foodgrain_Distribution_Lakh_Tonnes,7.1,Synthetic data for visualization practice
Uttarakhand,2017,Coverage_Percent,76.39,Synthetic data for visualization practice
Uttarakhand,2017,Utilization_Percent,96.83,Synthetic data for visualization practice
West Bengal,2017,Beneficiaries_Lakh,11.91,Synthetic data for visualization practice
West Bengal,2017,Foodgrain_Allocation_Lakh_Tonnes,7.13,Synthetic data for visualization practice
West Bengal,2017,Foodgrain_Distribution_Lakh_Tonnes,6.22,Synthetic data for visualization practice
West Bengal,2017,Coverage_Percent,73.4,Synthetic data for visualization practice
West Bengal,2017,Utilization_Percent,87.18,Synthetic data for visualization practice
Delhi,2017,Beneficiaries_Lakh,18.88,Synthetic data for visualization practice
Delhi,2017,Foodgrain_Allocation_Lakh_Tonnes,9.92,Synthetic data for visualization practice
Delhi,2017,Foodgrain_Distribution_Lakh_Tonnes,8.88,Synthetic data for visualization practice
Delhi,2017,Coverage_Percent,78.63,Synthetic data for visualization practice
Delhi,2017,Utilization_Percent,89.53,Synthetic data for visualization practice
Jammu and Kashmir,2017,Beneficiaries_Lakh,32.63,Synthetic data for visualization practice
Jammu and Kashmir,2017,Foodgrain_Allocation_Lakh_Tonnes,18.03,Synthetic data for visualization practice
Jammu and Kashmir,2017,Foodgrain_Distribution_Lakh_Tonnes,16.01,Synthetic data for visualization practice
Jammu and Kashmir,2017,Coverage_Percent,95.82,Synthetic data for visualization practice
Jammu and Kashmir,2017,Utilization_Percent,88.81,Synthetic data for visualization practice
Andhra Pradesh,2018,Beneficiaries_Lakh,14.94,Synthetic data for visualization practice
Andhra Pradesh,2018,Foodgrain_Allocation_Lakh_Tonnes,7.42,Synthetic data for visualization practice
Andhra Pradesh,2018,Foodgrain_Distribution_Lakh_Tonnes,6.41,Synthetic data for visualization practice
Andhra Pradesh,2018,Coverage_Percent,85.04,Synthetic data for visualization practice
Andhra Pradesh,2018,Utilization_Percent,86.36,Synthetic data for visualization practice
Arunachal Pradesh,2018,Beneficiaries_Lakh,8.93,Synthetic data for visualization practice
Arunachal Pradesh,2018,Foodgrain_Allocation_Lakh_Tonnes,4.77,Synthetic data for visualization practice
Arunachal Pradesh,2018,Foodgrain_Distribution_Lakh_Tonnes,4.26,Synthetic data for visualization practice
Arunachal Pradesh,2018,Coverage_Percent,91.68,Synthetic data for visualization practice
Arunachal Pradesh,2018,Utilization_Percent,89.31,Synthetic data for visualization practice
Assam,2018,Beneficiaries_Lakh,10.08,Synthetic data for visualization practice
Assam,2018,Foodgrain_Allocation_Lakh_Tonnes,5.21,Synthetic data for visualization practice
Assam,2018,Foodgrain_Distribution_Lakh_Tonnes,4.65,Synthetic data for visualization practice
Assam,2018,Coverage_Percent,76.3,Synthetic data for visualization practice
Assam,2018,Utilization_Percent,89.33,Synthetic data for visualization practice
Bihar,2018,Beneficiaries_Lakh,44.62,Synthetic data for visualization practice
Bihar,2018,Foodgrain_Allocation_Lakh_Tonnes,19.2,Synthetic data for visualization practice
Bihar,2018,Foodgrain_Distribution_Lakh_Tonnes,17.62,Synthetic data for visualization practice
Bihar,2018,Coverage_Percent,78.76,Synthetic data for visualization practice
Bihar,2018,Utilization_Percent,91.74,Synthetic data for visualization practice
Chhattisgarh,2018,Beneficiaries_Lakh,13.09,Synthetic data for visualization practice
Chhattisgarh,2018,Foodgrain_Allocation_Lakh_Tonnes,5.84,Synthetic data for visualization practice
Chhattisgarh,2018,Foodgrain_Distribution_Lakh_Tonnes,5.48,Synthetic data for visualization practice
Chhattisgarh,2018,Coverage_Percent,65.57,Synthetic data for visualization practice
Chhattisgarh,2018,Utilization_Percent,93.84,Synthetic data for visualization practice
Goa,2018,Beneficiaries_Lakh,18.57,Synthetic data for visualization practice
Goa,2018,Foodgrain_Allocation_Lakh_Tonnes,9.47,Synthetic data for visualization practice
Goa,2018,Foodgrain_Distribution_Lakh_Tonnes,8.65,Synthetic data for visualization practice
Goa,2018,Coverage_Percent,76.93,Synthetic data for visualization practice
Goa,2018,Utilization_Percent,91.36,Synthetic data for visualization practice
Gujarat,2018,Beneficiaries_Lakh,41.94,Synthetic data for visualization practice
Gujarat,2018,Foodgrain_Allocation_Lakh_Tonnes,20.5,Synthetic data for visualization practice
Gujarat,2018,Foodgrain_Distribution_Lakh_Tonnes,18.63,Synthetic data for visualization practice
Gujarat,2018,Coverage_Percent,84.67,Synthetic data for visualization practice
Gujarat,2018,Utilization_Percent,90.87,Synthetic data for visualization practice
Haryana,2018,Beneficiaries_Lakh,24.6,Synthetic data for visualization practice
Haryana,2018,Foodgrain_Allocation_Lakh_Tonnes,10.59,Synthetic data for visualization practice
Haryana,2018,Foodgrain_Distribution_Lakh_Tonnes,8.92,Synthetic data for visualization practice
Haryana,2018,Coverage_Percent,72.2,Synthetic data for visualization practice
Haryana,2018,Utilization_Percent,84.25,Synthetic data for visualization practice
Himachal Pradesh,2018,Beneficiaries_Lakh,34.04,Synthetic data for visualization practice
Himachal Pradesh,2018,Foodgrain_Allocation_Lakh_Tonnes,18.27,Synthetic data for visualization practice
Himachal Pradesh,2018,Foodgrain_Distribution_Lakh_Tonnes,16.47,Synthetic data for visualization practice
Himachal Pradesh,2018,Coverage_Percent,80.12,Synthetic data for visualization practice
Himachal Pradesh,2018,Utilization_Percent,90.14,Synthetic data for visualization practice
Jharkhand,2018,Beneficiaries_Lakh,29.33,Synthetic data for visualization practice
Jharkhand,2018,Foodgrain_Allocation_Lakh_Tonnes,16.91,Synthetic data for visualization practice
Jharkhand,2018,Foodgrain_Distribution_Lakh_Tonnes,15.41,Synthetic data for visualization practice
Jharkhand,2018,Coverage_Percent,78.51,Synthetic data for visualization practice
Jharkhand,2018,Utilization_Percent,91.16,Synthetic data for visualization practice
Karnataka,2018,Beneficiaries_Lakh,23.32,Synthetic data for visualization practice
Karnataka,2018,Foodgrain_Allocation_Lakh_Tonnes,10.08,Synthetic data for visualization practice
Karnataka,2018,Foodgrain_Distribution_Lakh_Tonnes,8.73,Synthetic data for visualization practice
Karnataka,2018,Coverage_Percent,91.61,Synthetic data for visualization practice
Karnataka,2018,Utilization_Percent,86.6,Synthetic data for visualization practice
Kerala,2018,Beneficiaries_Lakh,45.16,Synthetic data for visualization practice
Kerala,2018,Foodgrain_Allocation_Lakh_Tonnes,25.73,Synthetic data for visualization practice
Kerala,2018,Foodgrain_Distribution_Lakh_Tonnes,22.34,Synthetic data for visualization practice
Kerala,2018,Coverage_Percent,89.31,Synthetic data for visualization practice
Kerala,2018,Utilization_Percent,86.81,Synthetic data for visualization practice
Madhya Pradesh,2018,Beneficiaries_Lakh,29.92,Synthetic data for visualization practice
Madhya Pradesh,2018,Foodgrain_Allocation_Lakh_Tonnes,18.33,Synthetic data for visualization practice
Madhya Pradesh,2018,Foodgrain_Distribution_Lakh_Tonnes,15.75,Synthetic data for visualization practice
Madhya Pradesh,2018,Coverage_Percent,91.08,Synthetic data for visualization practice
Madhya Pradesh,2018,Utilization_Percent,85.93,Synthetic data for visualization practice
Maharashtra,2018,Beneficiaries_Lakh,22.82,Synthetic data for visualization practice
Maharashtra,2018,Foodgrain_Allocation_Lakh_Tonnes,9.88,Synthetic data for visualization practice
Maharashtra,2018,Foodgrain_Distribution_Lakh_Tonnes,8.54,Synthetic data for visualization practice
Maharashtra,2018,Coverage_Percent,79.27,Synthetic data for visualization practice
Maharashtra,2018,Utilization_Percent,86.45,Synthetic data for visualization practice
Manipur,2018,Beneficiaries_Lakh,7.35,Synthetic data for visualization practice
Manipur,2018,Foodgrain_Allocation_Lakh_Tonnes,4.1,Synthetic data for visualization practice
Manipur,2018,Foodgrain_Distribution_Lakh_Tonnes,3.56,Synthetic data for visualization practice
Manipur,2018,Coverage_Percent,83.23,Synthetic data for visualization practice
Manipur,2018,Utilization_Percent,86.69,Synthetic data for visualization practice
Meghalaya,2018,Beneficiaries_Lakh,45.91,Synthetic data for visualization practice
Meghalaya,2018,Foodgrain_Allocation_Lakh_Tonnes,23.63,Synthetic data for visualization practice
Meghalaya,2018,Foodgrain_Distribution_Lakh_Tonnes,19.84,Synthetic data for visualization practice
Meghalaya,2018,Coverage_Percent,80.31,Synthetic data for visualization practice
Meghalaya,2018,Utilization_Percent,83.97,Synthetic data for visualization practice
Mizoram,2018,Beneficiaries_Lakh,14.44,Synthetic data for visualization practice
Mizoram,2018,Foodgrain_Allocation_Lakh_Tonnes,7.76,Synthetic data for visualization practice
Mizoram,2018,Foodgrain_Distribution_Lakh_Tonnes,6.6,Synthetic data for visualization practice
Mizoram,2018,Coverage_Percent,79.49,Synthetic data for visualization practice
Mizoram,2018,Utilization_Percent,85.01,Synthetic data for visualization practice
Nagaland,2018,Beneficiaries_Lakh,27.67,Synthetic data for visualization practice
Nagaland,2018,Foodgrain_Allocation_Lakh_Tonnes,12.81,Synthetic data for visualization practice
Nagaland,2018,Foodgrain_Distribution_Lakh_Tonnes,10.37,Synthetic data for visualization practice
Nagaland,2018,Coverage_Percent,85.38,Synthetic data for visualization practice
Nagaland,2018,Utilization_Percent,80.94,Synthetic data for visualization practice
Odisha,2018,Beneficiaries_Lakh,37.7,Synthetic data for visualization practice
Odisha,2018,Foodgrain_Allocation_Lakh_Tonnes,18.81,Synthetic data for visualization practice
Odisha,2018,Foodgrain_Distribution_Lakh_Tonnes,17.61,Synthetic data for visualization practice
Odisha,2018,Coverage_Percent,74.97,Synthetic data for visualization practice
Odisha,2018,Utilization_Percent,93.63,Synthetic data for visualization practice
Punjab,2018,Beneficiaries_Lakh,25.83,Synthetic data for visualization practice
Punjab,2018,Foodgrain_Allocation_Lakh_Tonnes,13.53,Synthetic data for visualization practice
Punjab,2018,Foodgrain_Distribution_Lakh_Tonnes,12.36,Synthetic data for visualization practice
Punjab,2018,Coverage_Percent,84.81,Synthetic data for visualization practice
Punjab,2018,Utilization_Percent,91.35,Synthetic data for visualization practice
Rajasthan,2018,Beneficiaries_Lakh,21.93,Synthetic data for visualization practice
Rajasthan,2018,Foodgrain_Allocation_Lakh_Tonnes,9.97,Synthetic data for visualization practice
Rajasthan,2018,Foodgrain_Distribution_Lakh_Tonnes,9.36,Synthetic data for visualization practice
Rajasthan,2018,Coverage_Percent,89.59,Synthetic data for visualization practice
Rajasthan,2018,Utilization_Percent,93.81,Synthetic data for visualization practice
Sikkim,2018,Beneficiaries_Lakh,34.88,Synthetic data for visualization practice
Sikkim,2018,Foodgrain_Allocation_Lakh_Tonnes,18.24,Synthetic data for visualization practice
Sikkim,2018,Foodgrain_Distribution_Lakh_Tonnes,15.36,Synthetic data for visualization practice
Sikkim,2018,Coverage_Percent,80.81,Synthetic data for visualization practice
Sikkim,2018,Utilization_Percent,84.22,Synthetic data for visualization practice
Tamil Nadu,2018,Beneficiaries_Lakh,33.72,Synthetic data for visualization practice
Tamil Nadu,2018,Foodgrain_Allocation_Lakh_Tonnes,19.38,Synthetic data for visualization practice
Tamil Nadu,2018,Foodgrain_Distribution_Lakh_Tonnes,17.87,Synthetic data for visualization practice
Tamil Nadu,2018,Coverage_Percent,82.98,Synthetic data for visualization practice
Tamil Nadu,2018,Utilization_Percent,92.19,Synthetic data for visualization practice
Telangana,2018,Beneficiaries_Lakh,7.72,Synthetic data for visualization practice
Telangana,2018,Foodgrain_Allocation_Lakh_Tonnes,3.88,Synthetic data for visualization practice
Telangana,2018,Foodgrain_Distribution_Lakh_Tonnes,3.4,Synthetic data for visualization practice
Telangana,2018,Coverage_Percent,72.37,Synthetic data for visualization practice
Telangana,2018,Utilization_Percent,87.59,Synthetic data for visualization practice
Tripura,2018,Beneficiaries_Lakh,19.77,Synthetic data for visualization practice
Tripura,2018,Foodgrain_Allocation_Lakh_Tonnes,10.71,Synthetic data for visualization practice
Tripura,2018,Foodgrain_Distribution_Lakh_Tonnes,8.68,Synthetic data for visualization practice
Tripura,2018,Coverage_Percent,80.74,Synthetic data for visualization practice
Tripura,2018,Utilization_Percent,80.99,Synthetic data for visualization practice
Uttar Pradesh,2018,Beneficiaries_Lakh,13.49,Synthetic data for visualization practice
Uttar Pradesh,2018,Foodgrain_Allocation_Lakh_Tonnes,7.85,Synthetic data for visualization practice
Uttar Pradesh,2018,Foodgrain_Distribution_Lakh_Tonnes,7.6,Synthetic data for visualization practice
Uttar Pradesh,2018,Coverage_Percent,83.0,Synthetic data for visualization practice
Uttar Pradesh,2018,Utilization_Percent,96.85,Synthetic data for visualization practice
Uttarakhand,2018,Beneficiaries_Lakh,27.66,Synthetic data for visualization practice
Uttarakhand,2018,Foodgrain_Allocation_Lakh_Tonnes,12.88,Synthetic data for visualization practice
Uttarakhand,2018,Foodgrain_Distribution_Lakh_Tonnes,10.99,Synthetic data for visualization practice
Uttarakhand,2018,Coverage_Percent,77.56,Synthetic data for visualization practice
Uttarakhand,2018,Utilization_Percent,85.32,Synthetic data for visualization practice
West Bengal,2018,Beneficiaries_Lakh,38.07,Synthetic data for visualization practice
West Bengal,2018,Foodgrain_Allocation_Lakh_Tonnes,21.78,Synthetic data for visualization practice
West Bengal,2018,Foodgrain_Distribution_Lakh_Tonnes,20.29,Synthetic data for visualization practice
West Bengal,2018,Coverage_Percent,93.36,Synthetic data for visualization practice
West Bengal,2018,Utilization_Percent,93.14,Synthetic data for visualization practice
Delhi,2018,Beneficiaries_Lakh,20.94,Synthetic data for visualization practice
Delhi,2018,Foodgrain_Allocation_Lakh_Tonnes,12.77,Synthetic data for visualization practice
Delhi,2018,Foodgrain_Distribution_Lakh_Tonnes,11.33,Synthetic data for visualization practice
Delhi,2018,Coverage_Percent,73.46,Synthetic data for visualization practice
Delhi,2018,Utilization_Percent,88.73,Synthetic data for visualization practice
Jammu and Kashmir,2018,Beneficiaries_Lakh,12.76,Synthetic data for visualization practice
Jammu and Kashmir,2018,Foodgrain_Allocation_Lakh_Tonnes,5.72,Synthetic data for visualization practice
Jammu and Kashmir,2018,Foodgrain_Distribution_Lakh_Tonnes,5.49,Synthetic data for visualization practice
Jammu and Kashmir,2018,Coverage_Percent,81.89,Synthetic data for visualization practice
Jammu and Kashmir,2018,Utilization_Percent,95.96,Synthetic data for visualization practice
Andhra Pradesh,2019,Beneficiaries_Lakh,14.99,Synthetic data for visualization practice
Andhra Pradesh,2019,Foodgrain_Allocation_Lakh_Tonnes,9.17,Synthetic data for visualization practice
Andhra Pradesh,2019,Foodgrain_Distribution_Lakh_Tonnes,7.79,Synthetic data for visualization practice
Andhra Pradesh,2019,Coverage_Percent,97.31,Synthetic data for visualization practice
Andhra Pradesh,2019,Utilization_Percent,84.95,Synthetic data for visualization practice
Arunachal Pradesh,2019,Beneficiaries_Lakh,23.46,Synthetic data for visualization practice
Arunachal Pradesh,2019,Foodgrain_Allocation_Lakh_Tonnes,12.56,Synthetic data for visualization practice
Arunachal Pradesh,2019,Foodgrain_Distribution_Lakh_Tonnes,11.63,Synthetic data for visualization practice
Arunachal Pradesh,2019,Coverage_Percent,72.5,Synthetic data for visualization practice
Arunachal Pradesh,2019,Utilization_Percent,92.56,Synthetic data for visualization practice
Assam,2019,Beneficiaries_Lakh,6.87,Synthetic data for visualization practice
Assam,2019,Foodgrain_Allocation_Lakh_Tonnes,4.06,Synthetic data for visualization practice
Assam,2019,Foodgrain_Distribution_Lakh_Tonnes,3.96,Synthetic data for visualization practice
Assam,2019,Coverage_Percent,78.84,Synthetic data for visualization practice
Assam,2019,Utilization_Percent,97.49,Synthetic data for visualization practice
Bihar,2019,Beneficiaries_Lakh,18.3,Synthetic data for visualization practice
Bihar,2019,Foodgrain_Allocation_Lakh_Tonnes,10.01,Synthetic data for visualization practice
Bihar,2019,Foodgrain_Distribution_Lakh_Tonnes,8.89,Synthetic data for visualization practice
Bihar,2019,Coverage_Percent,87.53,Synthetic data for visualization practice
Bihar,2019,Utilization_Percent,88.81,Synthetic data for visualization practice
Chhattisgarh,2019,Beneficiaries_Lakh,45.48,Synthetic data for visualization practice
Chhattisgarh,2019,Foodgrain_Allocation_Lakh_Tonnes,24.08,Synthetic data for visualization practice
Chhattisgarh,2019,Foodgrain_Distribution_Lakh_Tonnes,20.35,Synthetic data for visualization practice
Chhattisgarh,2019,Coverage_Percent,85.76,Synthetic data for visualization practice
Chhattisgarh,2019,Utilization_Percent,84.5,Synthetic data for visualization practice
Goa,2019,Beneficiaries_Lakh,37.05,Synthetic data for visualization practice
Goa,2019,Foodgrain_Allocation_Lakh_Tonnes,22.8,Synthetic data for visualization practice
Goa,2019,Foodgrain_Distribution_Lakh_Tonnes,20.14,Synthetic data for visualization practice
Goa,2019,Coverage_Percent,87.56,Synthetic data for visualization practice
Goa,2019,Utilization_Percent,88.34,Synthetic data for visualization practice
Gujarat,2019,Beneficiaries_Lakh,24.39,Synthetic data for visualization practice
Gujarat,2019,Foodgrain_Allocation_Lakh_Tonnes,11.54,Synthetic data for visualization practice
Gujarat,2019,Foodgrain_Distribution_Lakh_Tonnes,9.32,Synthetic data for visualization practice
Gujarat,2019,Coverage_Percent,79.15,Synthetic data for visualization practice
Gujarat,2019,Utilization_Percent,80.78,Synthetic data for visualization practice
Haryana,2019,Beneficiaries_Lakh,22.25,Synthetic data for visualization practice
Haryana,2019,Foodgrain_Allocation_Lakh_Tonnes,9.98,Synthetic data for visualization practice
Haryana,2019,Foodgrain_Distribution_Lakh_Tonnes,9.3,Synthetic data for visualization practice
Haryana,2019,Coverage_Percent,84.11,Synthetic data for visualization practice
Haryana,2019,Utilization_Percent,93.15,Synthetic data for visualization practice
Himachal Pradesh,2019,Beneficiaries_Lakh,31.15,Synthetic data for visualization practice
Himachal Pradesh,2019,Foodgrain_Allocation_Lakh_Tonnes,15.92,Synthetic data for visualization practice
Himachal Pradesh,2019,Foodgrain_Distribution_Lakh_Tonnes,14.96,Synthetic data for visualization practice
Himachal Pradesh,2019,Coverage_Percent,81.07,Synthetic data for visualization practice
Himachal Pradesh,2019,Utilization_Percent,93.97,Synthetic data for visualization practice
Jharkhand,2019,Beneficiaries_Lakh,36.41,Synthetic data for visualization practice
Jharkhand,2019,Foodgrain_Allocation_Lakh_Tonnes,20.96,Synthetic data for visualization practice
Jharkhand,2019,Foodgrain_Distribution_Lakh_Tonnes,15.99,Synthetic data for visualization practice
Jharkhand,2019,Coverage_Percent,94.57,Synthetic data for visualization practice
Jharkhand,2019,Utilization_Percent,76.31,Synthetic data for visualization practice
Karnataka,2019,Beneficiaries_Lakh,7.64,Synthetic data for visualization practice
Karnataka,2019,Foodgrain_Allocation_Lakh_Tonnes,3.48,Synthetic data for visualization practice
Karnataka,2019,Foodgrain_Distribution_Lakh_Tonnes,3.24,Synthetic data for visualization practice
Karnataka,2019,Coverage_Percent,74.2,Synthetic data for visualization practice
Karnataka,2019,Utilization_Percent,93.14,Synthetic data for visualization practice
Kerala,2019,Beneficiaries_Lakh,23.49,Synthetic data for visualization practice
Kerala,2019,Foodgrain_Allocation_Lakh_Tonnes,13.42,Synthetic data for visualization practice
Kerala,2019,Foodgrain_Distribution_Lakh_Tonnes,12.23,Synthetic data for visualization practice
Kerala,2019,Coverage_Percent,90.35,Synthetic data for visualization practice
Kerala,2019,Utilization_Percent,91.1,Synthetic data for visualization practice
Madhya Pradesh,2019,Beneficiaries_Lakh,22.82,Synthetic data for visualization practice
Madhya Pradesh,2019,Foodgrain_Allocation_Lakh_Tonnes,10.03,Synthetic data for visualization practice
Madhya Pradesh,2019,Foodgrain_Distribution_Lakh_Tonnes,8.49,Synthetic data for visualization practice
Madhya Pradesh,2019,Coverage_Percent,69.25,Synthetic data for visualization practice
Madhya Pradesh,2019,Utilization_Percent,84.65,Synthetic data for visualization practice
Maharashtra,2019,Beneficiaries_Lakh,37.67,Synthetic data for visualization practice
Maharashtra,2019,Foodgrain_Allocation_Lakh_Tonnes,22.21,Synthetic data for visualization practice
Maharashtra,2019,Foodgrain_Distribution_Lakh_Tonnes,18.48,Synthetic data for visualization practice
Maharashtra,2019,Coverage_Percent,78.77,Synthetic data for visualization practice
Maharashtra,2019,Utilization_Percent,83.2,Synthetic data for visualization practice
Manipur,2019,Beneficiaries_Lakh,39.04,Synthetic data for visualization practice
Manipur,2019,Foodgrain_Allocation_Lakh_Tonnes,20.15,Synthetic data for visualization practice
Manipur,2019,Foodgrain_Distribution_Lakh_Tonnes,16.43,Synthetic data for visualization practice
Manipur,2019,Coverage_Percent,76.46,Synthetic data for visualization practice
Manipur,2019,Utilization_Percent,81.56,Synthetic data for visualization practice
Meghalaya,2019,Beneficiaries_Lakh,13.08,Synthetic data for visualization practice
Meghalaya,2019,Foodgrain_Allocation_Lakh_Tonnes,5.78,Synthetic data for visualization practice
Meghalaya,2019,Foodgrain_Distribution_Lakh_Tonnes,5.3,Synthetic data for visualization practice
Meghalaya,2019,Coverage_Percent,88.69,Synthetic data for visualization practice
Meghalaya,2019,Utilization_Percent,91.58,Synthetic data for visualization practice
Mizoram,2019,Beneficiaries_Lakh,40.44,Synthetic data for visualization practice
Mizoram,2019,Foodgrain_Allocation_Lakh_Tonnes,23.17,Synthetic data for visualization practice
Mizoram,2019,Foodgrain_Distribution_Lakh_Tonnes,20.12,Synthetic data for visualization practice
Mizoram,2019,Coverage_Percent,80.31,Synthetic data for visualization practice
Mizoram,2019,Utilization_Percent,86.83,Synthetic data for visualization practice
Nagaland,2019,Beneficiaries_Lakh,17.88,Synthetic data for visualization practice
Nagaland,2019,Foodgrain_Allocation_Lakh_Tonnes,9.51,Synthetic data for visualization practice
Nagaland,2019,Foodgrain_Distribution_Lakh_Tonnes,8.87,Synthetic data for visualization practice
Nagaland,2019,Coverage_Percent,91.35,Synthetic data for visualization practice
Nagaland,2019,Utilization_Percent,93.18,Synthetic data for visualization practice
Odisha,2019,Beneficiaries_Lakh,27.46,Synthetic data for visualization practice
Odisha,2019,Foodgrain_Allocation_Lakh_Tonnes,16.1,Synthetic data for visualization practice
Odisha,2019,Foodgrain_Distribution_Lakh_Tonnes,14.54,Synthetic data for visualization practice
Odisha,2019,Coverage_Percent,98.0,Synthetic data for visualization practice
Odisha,2019,Utilization_Percent,90.33,Synthetic data for visualization practice
Punjab,2019,Beneficiaries_Lakh,9.93,Synthetic data for visualization practice
Punjab,2019,Foodgrain_Allocation_Lakh_Tonnes,4.76,Synthetic data for visualization practice
Punjab,2019,Foodgrain_Distribution_Lakh_Tonnes,4.16,Synthetic data for visualization practice
Punjab,2019,Coverage_Percent,80.19,Synthetic data for visualization practice
Punjab,2019,Utilization_Percent,87.5,Synthetic data for visualization practice
Rajasthan,2019,Beneficiaries_Lakh,4.28,Synthetic data for visualization practice
Rajasthan,2019,Foodgrain_Allocation_Lakh_Tonnes,1.94,Synthetic data for visualization practice
Rajasthan,2019,Foodgrain_Distribution_Lakh_Tonnes,1.74,Synthetic data for visualization practice
Rajasthan,2019,Coverage_Percent,78.76,Synthetic data for visualization practice
Rajasthan,2019,Utilization_Percent,89.54,Synthetic data for visualization practice
Sikkim,2019,Beneficiaries_Lakh,12.52,Synthetic data for visualization practice
Sikkim,2019,Foodgrain_Allocation_Lakh_Tonnes,7.76,Synthetic data for visualization practice
Sikkim,2019,Foodgrain_Distribution_Lakh_Tonnes,6.62,Synthetic data for visualization practice
Sikkim,2019,Coverage_Percent,88.77,Synthetic data for visualization practice
Sikkim,2019,Utilization_Percent,85.29,Synthetic data for visualization practice
Tamil Nadu,2019,Beneficiaries_Lakh,37.48,Synthetic data for visualization practice
Tamil Nadu,2019,Foodgrain_Allocation_Lakh_Tonnes,19.64,Synthetic data for visualization practice
Tamil Nadu,2019,Foodgrain_Distribution_Lakh_Tonnes,16.51,Synthetic data for visualization practice
Tamil Nadu,2019,Coverage_Percent,75.22,Synthetic data for visualization practice
Tamil Nadu,2019,Utilization_Percent,84.06,Synthetic data for visualization practice
Telangana,2019,Beneficiaries_Lakh,27.36,Synthetic data for visualization practice
Telangana,2019,Foodgrain_Allocation_Lakh_Tonnes,14.03,Synthetic data for visualization practice
Telangana,2019,Foodgrain_Distribution_Lakh_Tonnes,13.31,Synthetic data for visualization practice
Telangana,2019,Coverage_Percent,79.12,Synthetic data for visualization practice
Telangana,2019,Utilization_Percent,94.92,Synthetic data for visualization practice
Tripura,2019,Beneficiaries_Lakh,23.49,Synthetic data for visualization practice
Tripura,2019,Foodgrain_Allocation_Lakh_Tonnes,14.29,Synthetic data for visualization practice
Tripura,2019,Foodgrain_Distribution_Lakh_Tonnes,12.44,Synthetic data for visualization practice
Tripura,2019,Coverage_Percent,86.11,Synthetic data for visualization practice
Tripura,2019,Utilization_Percent,87.07,Synthetic data for visualization practice
Uttar Pradesh,2019,Beneficiaries_Lakh,36.13,Synthetic data for visualization practice
Uttar Pradesh,2019,Foodgrain_Allocation_Lakh_Tonnes,18.91,Synthetic data for visualization practice
Uttar Pradesh,2019,Foodgrain_Distribution_Lakh_Tonnes,18.53,Synthetic data for visualization practice
Uttar Pradesh,2019,Coverage_Percent,69.16,Synthetic data for visualization practice
Uttar Pradesh,2019,Utilization_Percent,98.0,Synthetic data for visualization practice
Uttarakhand,2019,Beneficiaries_Lakh,11.95,Synthetic data for visualization practice
Uttarakhand,2019,Foodgrain_Allocation_Lakh_Tonnes,5.77,Synthetic data for visualization practice
Uttarakhand,2019,Foodgrain_Distribution_Lakh_Tonnes,5.0,Synthetic data for visualization practice
Uttarakhand,2019,Coverage_Percent,86.67,Synthetic data for visualization practice
Uttarakhand,2019,Utilization_Percent,86.61,Synthetic data for visualization practice
West Bengal,2019,Beneficiaries_Lakh,10.27,Synthetic data for visualization practice
West Bengal,2019,Foodgrain_Allocation_Lakh_Tonnes,5.27,Synthetic data for visualization practice
West Bengal,2019,Foodgrain_Distribution_Lakh_Tonnes,4.97,Synthetic data for visualization practice
West Bengal,2019,Coverage_Percent,87.71,Synthetic data for visualization practice
West Bengal,2019,Utilization_Percent,94.34,Synthetic data for visualization practice
Delhi,2019,Beneficiaries_Lakh,44.04,Synthetic data for visualization practice
Delhi,2019,Foodgrain_Allocation_Lakh_Tonnes,20.13,Synthetic data for visualization practice
Delhi,2019,Foodgrain_Distribution_Lakh_Tonnes,16.89,Synthetic data for visualization practice
Delhi,2019,Coverage_Percent,71.01,Synthetic data for visualization practice
Delhi,2019,Utilization_Percent,83.92,Synthetic data for visualization practice
Jammu and Kashmir,2019,Beneficiaries_Lakh,32.86,Synthetic data for visualization practice
Jammu and Kashmir,2019,Foodgrain_Allocation_Lakh_Tonnes,15.73,Synthetic data for visualization practice
Jammu and Kashmir,2019,Foodgrain_Distribution_Lakh_Tonnes,12.92,Synthetic data for visualization practice
Jammu and Kashmir,2019,Coverage_Percent,89.32,Synthetic data for visualization practice
Jammu and Kashmir,2019,Utilization_Percent,82.09,Synthetic data for visualization practice
Andhra Pradesh,2020,Beneficiaries_Lakh,36.01,Synthetic data for visualization practice
Andhra Pradesh,2020,Foodgrain_Allocation_Lakh_Tonnes,15.37,Synthetic data for visualization practice
Andhra Pradesh,2020,Foodgrain_Distribution_Lakh_Tonnes,12.7,Synthetic data for visualization practice
Andhra Pradesh,2020,Coverage_Percent,85.21,Synthetic data for visualization practice
Andhra Pradesh,2020,Utilization_Percent,82.67,Synthetic data for visualization practice
Arunachal Pradesh,2020,Beneficiaries_Lakh,15.35,Synthetic data for visualization practice
Arunachal Pradesh,2020,Foodgrain_Allocation_Lakh_Tonnes,7.48,Synthetic data for visualization practice
Arunachal Pradesh,2020,Foodgrain_Distribution_Lakh_Tonnes,6.62,Synthetic data for visualization practice
Arunachal Pradesh,2020,Coverage_Percent,74.99,Synthetic data for visualization practice
Arunachal Pradesh,2020,Utilization_Percent,88.5,Synthetic data for visualization practice
Assam,2020,Beneficiaries_Lakh,26.59,Synthetic data for visualization practice
Assam,2020,Foodgrain_Allocation_Lakh_Tonnes,13.64,Synthetic data for visualization practice
Assam,2020,Foodgrain_Distribution_Lakh_Tonnes,10.55,Synthetic data for visualization practice
Assam,2020,Coverage_Percent,82.94,Synthetic data for visualization practice
Assam,2020,Utilization_Percent,77.38,Synthetic data for visualization practice
Bihar,2020,Beneficiaries_Lakh,16.14,Synthetic data for visualization practice
Bihar,2020,Foodgrain_Allocation_Lakh_Tonnes,9.58,Synthetic data for visualization practice
Bihar,2020,Foodgrain_Distribution_Lakh_Tonnes,8.01,Synthetic data for visualization practice
Bihar,2020,Coverage_Percent,80.89,Synthetic data for visualization practice
Bihar,2020,Utilization_Percent,83.55,Synthetic data for visualization practice
Chhattisgarh,2020,Beneficiaries_Lakh,3.21,Synthetic data for visualization practice
Chhattisgarh,2020,Foodgrain_Allocation_Lakh_Tonnes,1.95,Synthetic data for visualization practice
Chhattisgarh,2020,Foodgrain_Distribution_Lakh_Tonnes,1.59,Synthetic data for visualization practice
Chhattisgarh,2020,Coverage_Percent,81.22,Synthetic data for visualization practice
Chhattisgarh,2020,Utilization_Percent,81.52,Synthetic data for visualization practice
Goa,2020,Beneficiaries_Lakh,23.71,Synthetic data for visualization practice
Goa,2020,Foodgrain_Allocation_Lakh_Tonnes,12.61,Synthetic data for visualization practice
Goa,2020,Foodgrain_Distribution_Lakh_Tonnes,11.75,Synthetic data for visualization practice
Goa,2020,Coverage_Percent,87.11,Synthetic data for visualization practice
Goa,2020,Utilization_Percent,93.15,Synthetic data for visualization practice
Gujarat,2020,Beneficiaries_Lakh,43.57,Synthetic data for visualization practice
Gujarat,2020,Foodgrain_Allocation_Lakh_Tonnes,19.19,Synthetic data for visualization practice
Gujarat,2020,Foodgrain_Distribution_Lakh_Tonnes,17.41,Synthetic data for visualization practice
Gujarat,2020,Coverage_Percent,83.93,Synthetic data for visualization practice
Gujarat,2020,Utilization_Percent,90.73,Synthetic data for visualization practice
Haryana,2020,Beneficiaries_Lakh,17.99,Synthetic data for visualization practice
Haryana,2020,Foodgrain_Allocation_Lakh_Tonnes,8.61,Synthetic data for visualization practice
Haryana,2020,Foodgrain_Distribution_Lakh_Tonnes,7.97,Synthetic data for visualization practice
Haryana,2020,Coverage_Percent,78.13,Synthetic data for visualization practice
Haryana,2020,Utilization_Percent,92.59,Synthetic data for visualization practice
Himachal Pradesh,2020,Beneficiaries_Lakh,16.9,Synthetic data for visualization practice
Himachal Pradesh,2020,Foodgrain_Allocation_Lakh_Tonnes,8.12,Synthetic data for visualization practice
Himachal Pradesh,2020,Foodgrain_Distribution_Lakh_Tonnes,7.55,Synthetic data for visualization practice
Himachal Pradesh,2020,Coverage_Percent,76.99,Synthetic data for visualization practice
Himachal Pradesh,2020,Utilization_Percent,93.05,Synthetic data for visualization practice
Jharkhand,2020,Beneficiaries_Lakh,6.96,Synthetic data for visualization practice
Jharkhand,2020,Foodgrain_Allocation_Lakh_Tonnes,3.94,Synthetic data for visualization practice
Jharkhand,2020,Foodgrain_Distribution_Lakh_Tonnes,3.43,Synthetic data for visualization practice
Jharkhand,2020,Coverage_Percent,94.2,Synthetic data for visualization practice
Jharkhand,2020,Utilization_Percent,87.14,Synthetic data for visualization practice
Karnataka,2020,Beneficiaries_Lakh,22.24,Synthetic data for visualization practice
Karnataka,2020,Foodgrain_Allocation_Lakh_Tonnes,10.16,Synthetic data for visualization practice
Karnataka,2020,Foodgrain_Distribution_Lakh_Tonnes,8.57,Synthetic data for visualization practice
Karnataka,2020,Coverage_Percent,79.39,Synthetic data for visualization practice
Karnataka,2020,Utilization_Percent,84.39,Synthetic data for visualization practice
Kerala,2020,Beneficiaries_Lakh,27.86,Synthetic data for visualization practice
Kerala,2020,Foodgrain_Allocation_Lakh_Tonnes,14.63,Synthetic data for visualization practice
Kerala,2020,Foodgrain_Distribution_Lakh_Tonnes,13.81,Synthetic data for visualization practice
Kerala,2020,Coverage_Percent,85.66,Synthetic data for visualization practice
Kerala,2020,Utilization_Percent,94.38,Synthetic data for visualization practice
Madhya Pradesh,2020,Beneficiaries_Lakh,16.68,Synthetic data for visualization practice
Madhya Pradesh,2020,Foodgrain_Allocation_Lakh_Tonnes,8.05,Synthetic data for visualization practice
Madhya Pradesh,2020,Foodgrain_Distribution_Lakh_Tonnes,7.39,Synthetic data for visualization practice
Madhya Pradesh,2020,Coverage_Percent,78.11,Synthetic data for visualization practice
Madhya Pradesh,2020,Utilization_Percent,91.86,Synthetic data for visualization practice
Maharashtra,2020,Beneficiaries_Lakh,5.18,Synthetic data for visualization practice
Maharashtra,2020,Foodgrain_Allocation_Lakh_Tonnes,2.91,Synthetic data for visualization practice
Maharashtra,2020,Foodgrain_Distribution_Lakh_Tonnes,2.44,Synthetic data for visualization practice
Maharashtra,2020,Coverage_Percent,74.86,Synthetic data for visualization practice
Maharashtra,2020,Utilization_Percent,83.79,Synthetic data for visualization practice
Manipur,2020,Beneficiaries_Lakh,31.17,Synthetic data for visualization practice
Manipur,2020,Foodgrain_Allocation_Lakh_Tonnes,14.61,Synthetic data for visualization practice
Manipur,2020,Foodgrain_Distribution_Lakh_Tonnes,13.22,Synthetic data for visualization practice
Manipur,2020,Coverage_Percent,91.01,Synthetic data for visualization practice
Manipur,2020,Utilization_Percent,90.47,Synthetic data for visualization practice
Meghalaya,2020,Beneficiaries_Lakh,37.71,Synthetic data for visualization practice
Meghalaya,2020,Foodgrain_Allocation_Lakh_Tonnes,16.25,Synthetic data for visualization practice
Meghalaya,2020,Foodgrain_Distribution_Lakh_Tonnes,14.54,Synthetic data for visualization practice
Meghalaya,2020,Coverage_Percent,80.93,Synthetic data for visualization practice
Meghalaya,2020,Utilization_Percent,89.5,Synthetic data for visualization practice
Mizoram,2020,Beneficiaries_Lakh,16.55,Synthetic data for visualization practice
Mizoram,2020,Foodgrain_Allocation_Lakh_Tonnes,8.96,Synthetic data for visualization practice
Mizoram,2020,Foodgrain_Distribution_Lakh_Tonnes,7.38,Synthetic data for visualization practice
Mizoram,2020,Coverage_Percent,83.55,Synthetic data for visualization practice
Mizoram,2020,Utilization_Percent,82.34,Synthetic data for visualization practice
Nagaland,2020,Beneficiaries_Lakh,13.45,Synthetic data for visualization practice
Nagaland,2020,Foodgrain_Allocation_Lakh_Tonnes,7.5,Synthetic data for visualization practice
Nagaland,2020,Foodgrain_Distribution_Lakh_Tonnes,6.96,Synthetic data for visualization practice
Nagaland,2020,Coverage_Percent,91.79,Synthetic data for visualization practice
Nagaland,2020,Utilization_Percent,92.87,Synthetic data for visualization practice
Odisha,2020,Beneficiaries_Lakh,19.37,Synthetic data for visualization practice
Odisha,2020,Foodgrain_Allocation_Lakh_Tonnes,9.3,Synthetic data for visualization practice
Odisha,2020,Foodgrain_Distribution_Lakh_Tonnes,7.38,Synthetic data for visualization practice
Odisha,2020,Coverage_Percent,91.38,Synthetic data for visualization practice
Odisha,2020,Utilization_Percent,79.33,Synthetic data for visualization practice
Punjab,2020,Beneficiaries_Lakh,7.16,Synthetic data for visualization practice
Punjab,2020,Foodgrain_Allocation_Lakh_Tonnes,3.08,Synthetic data for visualization practice
Punjab,2020,Foodgrain_Distribution_Lakh_Tonnes,2.52,Synthetic data for visualization practice
Punjab,2020,Coverage_Percent,75.54,Synthetic data for visualization practice
Punjab,2020,Utilization_Percent,81.77,Synthetic data for visualization practice
Rajasthan,2020,Beneficiaries_Lakh,12.43,Synthetic data for visualization practice
Rajasthan,2020,Foodgrain_Allocation_Lakh_Tonnes,7.25,Synthetic data for visualization practice
Rajasthan,2020,Foodgrain_Distribution_Lakh_Tonnes,6.34,Synthetic data for visualization practice
Rajasthan,2020,Coverage_Percent,89.6,Synthetic data for visualization practice
Rajasthan,2020,Utilization_Percent,87.37,Synthetic data for visualization practice
Sikkim,2020,Beneficiaries_Lakh,16.37,Synthetic data for visualization practice
Sikkim,2020,Foodgrain_Allocation_Lakh_Tonnes,8.5,Synthetic data for visualization practice
Sikkim,2020,Foodgrain_Distribution_Lakh_Tonnes,7.89,Synthetic data for visualization practice
Sikkim,2020,Coverage_Percent,80.93,Synthetic data for visualization practice
Sikkim,2020,Utilization_Percent,92.83,Synthetic data for visualization practice
Tamil Nadu,2020,Beneficiaries_Lakh,8.92,Synthetic data for visualization practice
Tamil Nadu,2020,Foodgrain_Allocation_Lakh_Tonnes,5.12,Synthetic data for visualization practice
Tamil Nadu,2020,Foodgrain_Distribution_Lakh_Tonnes,4.77,Synthetic data for visualization practice
Tamil Nadu,2020,Coverage_Percent,85.33,Synthetic data for visualization practice
Tamil Nadu,2020,Utilization_Percent,93.27,Synthetic data for visualization practice
Telangana,2020,Beneficiaries_Lakh,10.93,Synthetic data for visualization practice
Telangana,2020,Foodgrain_Allocation_Lakh_Tonnes,6.45,Synthetic data for visualization practice
Telangana,2020,Foodgrain_Distribution_Lakh_Tonnes,5.68,Synthetic data for visualization practice
Telangana,2020,Coverage_Percent,76.81,Synthetic data for visualization practice
Telangana,2020,Utilization_Percent,88.08,Synthetic data for visualization practice
Tripura,2020,Beneficiaries_Lakh,9.88,Synthetic data for visualization practice
Tripura,2020,Foodgrain_Allocation_Lakh_Tonnes,5.87,Synthetic data for visualization practice
Tripura,2020,Foodgrain_Distribution_Lakh_Tonnes,5.58,Synthetic data for visualization practice
Tripura,2020,Coverage_Percent,83.74,Synthetic data for visualization practice
Tripura,2020,Utilization_Percent,95.04,Synthetic data for visualization practice
Uttar Pradesh,2020,Beneficiaries_Lakh,27.99,Synthetic data for visualization practice
Uttar Pradesh,2020,Foodgrain_Allocation_Lakh_Tonnes,16.02,Synthetic data for visualization practice
Uttar Pradesh,2020,Foodgrain_Distribution_Lakh_Tonnes,14.32,Synthetic data for visualization practice
Uttar Pradesh,2020,Coverage_Percent,91.68,Synthetic data for visualization practice
Uttar Pradesh,2020,Utilization_Percent,89.44,Synthetic data for visualization practice
Uttarakhand,2020,Beneficiaries_Lakh,7.22,Synthetic data for visualization practice
Uttarakhand,2020,Foodgrain_Allocation_Lakh_Tonnes,3.61,Synthetic data for visualization practice
Uttarakhand,2020,Foodgrain_Distribution_Lakh_Tonnes,2.88,Synthetic data for visualization practice
Uttarakhand,2020,Coverage_Percent,65.75,Synthetic data for visualization practice
Uttarakhand,2020,Utilization_Percent,79.62,Synthetic data for visualization practice
West Bengal,2020,Beneficiaries_Lakh,6.44,Synthetic data for visualization practice
West Bengal,2020,Foodgrain_Allocation_Lakh_Tonnes,2.73,Synthetic data for visualization practice
West Bengal,2020,Foodgrain_Distribution_Lakh_Tonnes,2.52,Synthetic data for visualization practice
West Bengal,2020,Coverage_Percent,91.78,Synthetic data for visualization practice
West Bengal,2020,Utilization_Percent,92.15,Synthetic data for visualization practice
Delhi,2020,Beneficiaries_Lakh,28.01,Synthetic data for visualization practice
Delhi,2020,Foodgrain_Allocation_Lakh_Tonnes,15.44,Synthetic data for visualization practice
Delhi,2020,Foodgrain_Distribution_Lakh_Tonnes,13.82,Synthetic data for visualization practice
Delhi,2020,Coverage_Percent,83.68,Synthetic data for visualization practice
Delhi,2020,Utilization_Percent,89.51,Synthetic data for visualization practice
Jammu and Kashmir,2020,Beneficiaries_Lakh,31.75,Synthetic data for visualization practice
Jammu and Kashmir,2020,Foodgrain_Allocation_Lakh_Tonnes,17.25,Synthetic data for visualization practice
Jammu and Kashmir,2020,Foodgrain_Distribution_Lakh_Tonnes,14.68,Synthetic data for visualization practice
Jammu and Kashmir,2020,Coverage_Percent,82.16,Synthetic data for visualization practice
Jammu and Kashmir,2020,Utilization_Percent,85.07,Synthetic data for visualization practice
Andhra Pradesh,2021,Beneficiaries_Lakh,22.73,Synthetic data for visualization practice
Andhra Pradesh,2021,Foodgrain_Allocation_Lakh_Tonnes,12.81,Synthetic data for visualization practice
Andhra Pradesh,2021,Foodgrain_Distribution_Lakh_Tonnes,11.98,Synthetic data for visualization practice
Andhra Pradesh,2021,Coverage_Percent,77.2,Synthetic data for visualization practice
Andhra Pradesh,2021,Utilization_Percent,93.52,Synthetic data for visualization practice
Arunachal Pradesh,2021,Beneficiaries_Lakh,9.7,Synthetic data for visualization practice
Arunachal Pradesh,2021,Foodgrain_Allocation_Lakh_Tonnes,5.85,Synthetic data for visualization practice
Arunachal Pradesh,2021,Foodgrain_Distribution_Lakh_Tonnes,5.08,Synthetic data for visualization practice
Arunachal Pradesh,2021,Coverage_Percent,68.23,Synthetic data for visualization practice
Arunachal Pradesh,2021,Utilization_Percent,86.75,Synthetic data for visualization practice
Assam,2021,Beneficiaries_Lakh,14.5,Synthetic data for visualization practice
Assam,2021,Foodgrain_Allocation_Lakh_Tonnes,8.19,Synthetic data for visualization practice
Assam,2021,Foodgrain_Distribution_Lakh_Tonnes,7.18,Synthetic data for visualization practice
Assam,2021,Coverage_Percent,79.39,Synthetic data for visualization practice
Assam,2021,Utilization_Percent,87.63,Synthetic data for visualization practice
Bihar,2021,Beneficiaries_Lakh,9.21,Synthetic data for visualization practice
Bihar,2021,Foodgrain_Allocation_Lakh_Tonnes,5.0,Synthetic data for visualization practice
Bihar,2021,Foodgrain_Distribution_Lakh_Tonnes,4.41,Synthetic data for visualization practice
Bihar,2021,Coverage_Percent,87.04,Synthetic data for visualization practice
Bihar,2021,Utilization_Percent,88.03,Synthetic data for visualization practice
Chhattisgarh,2021,Beneficiaries_Lakh,33.21,Synthetic data for visualization practice
Chhattisgarh,2021,Foodgrain_Allocation_Lakh_Tonnes,17.1,Synthetic data for visualization practice
Chhattisgarh,2021,Foodgrain_Distribution_Lakh_Tonnes,14.65,Synthetic data for visualization practice
Chhattisgarh,2021,Coverage_Percent,73.54,Synthetic data for visualization practice
Chhattisgarh,2021,Utilization_Percent,85.69,Synthetic data for visualization practice
Goa,2021,Beneficiaries_Lakh,47.06,Synthetic data for visualization practice
Goa,2021,Foodgrain_Allocation_Lakh_Tonnes,27.47,Synthetic data for visualization practice
Goa,2021,Foodgrain_Distribution_Lakh_Tonnes,25.16,Synthetic data for visualization practice
Goa,2021,Coverage_Percent,92.62,Synthetic data for visualization practice
Goa,2021,Utilization_Percent,91.59,Synthetic data for visualization practice
Gujarat,2021,Beneficiaries_Lakh,21.43,Synthetic data for visualization practice
Gujarat,2021,Foodgrain_Allocation_Lakh_Tonnes,10.56,Synthetic data for visualization practice
Gujarat,2021,Foodgrain_Distribution_Lakh_Tonnes,9.35,Synthetic data for visualization practice
Gujarat,2021,Coverage_Percent,87.25,Synthetic data for visualization practice
Gujarat,2021,Utilization_Percent,88.58,Synthetic data for visualization practice
Haryana,2021,Beneficiaries_Lakh,47.14,Synthetic data for visualization practice
Haryana,2021,Foodgrain_Allocation_Lakh_Tonnes,25.03,Synthetic data for visualization practice
Haryana,2021,Foodgrain_Distribution_Lakh_Tonnes,20.75,Synthetic data for visualization practice
Haryana,2021,Coverage_Percent,88.96,Synthetic data for visualization practice
Haryana,2021,Utilization_Percent,82.91,Synthetic data for visualization practice
Himachal Pradesh,2021,Beneficiaries_Lakh,7.59,Synthetic data for visualization practice
Himachal Pradesh,2021,Foodgrain_Allocation_Lakh_Tonnes,4.65,Synthetic data for visualization practice
Himachal Pradesh,2021,Foodgrain_Distribution_Lakh_Tonnes,3.94,Synthetic data for visualization practice
Himachal Pradesh,2021,Coverage_Percent,85.83,Synthetic data for visualization practice
Himachal Pradesh,2021,Utilization_Percent,84.63,Synthetic data for visualization practice
Jharkhand,2021,Beneficiaries_Lakh,7.75,Synthetic data for visualization practice
Jharkhand,2021,Foodgrain_Allocation_Lakh_Tonnes,4.72,Synthetic data for visualization practice
Jharkhand,2021,Foodgrain_Distribution_Lakh_Tonnes,4.39,Synthetic data for visualization practice
Jharkhand,2021,Coverage_Percent,84.4,Synthetic data for visualization practice
Jharkhand,2021,Utilization_Percent,93.07,Synthetic data for visualization practice
Karnataka,2021,Beneficiaries_Lakh,27.76,Synthetic data for visualization practice
Karnataka,2021,Foodgrain_Allocation_Lakh_Tonnes,16.73,Synthetic data for visualization practice
Karnataka,2021,Foodgrain_Distribution_Lakh_Tonnes,15.11,Synthetic data for visualization practice
Karnataka,2021,Coverage_Percent,75.5,Synthetic data for visualization practice
Karnataka,2021,Utilization_Percent,90.29,Synthetic data for visualization practice
Kerala,2021,Beneficiaries_Lakh,11.78,Synthetic data for visualization practice
Kerala,2021,Foodgrain_Allocation_Lakh_Tonnes,5.47,Synthetic data for visualization practice
Kerala,2021,Foodgrain_Distribution_Lakh_Tonnes,4.92,Synthetic data for visualization practice
Kerala,2021,Coverage_Percent,75.24,Synthetic data for visualization practice
Kerala,2021,Utilization_Percent,90.08,Synthetic data for visualization practice
Madhya Pradesh,2021,Beneficiaries_Lakh,11.38,Synthetic data for visualization practice
Madhya Pradesh,2021,Foodgrain_Allocation_Lakh_Tonnes,5.12,Synthetic data for visualization practice
Madhya Pradesh,2021,Foodgrain_Distribution_Lakh_Tonnes,4.48,Synthetic data for visualization practice
Madhya Pradesh,2021,Coverage_Percent,74.13,Synthetic data for visualization practice
Madhya Pradesh,2021,Utilization_Percent,87.39,Synthetic data for visualization practice
Maharashtra,2021,Beneficiaries_Lakh,7.05,Synthetic data for visualization practice
Maharashtra,2021,Foodgrain_Allocation_Lakh_Tonnes,4.37,Synthetic data for visualization practice
Maharashtra,2021,Foodgrain_Distribution_Lakh_Tonnes,3.81,Synthetic data for visualization practice
Maharashtra,2021,Coverage_Percent,81.08,Synthetic data for visualization practice
Maharashtra,2021,Utilization_Percent,87.16,Synthetic data for visualization practice
Manipur,2021,Beneficiaries_Lakh,26.87,Synthetic data for visualization practice
Manipur,2021,Foodgrain_Allocation_Lakh_Tonnes,14.3,Synthetic data for visualization practice
Manipur,2021,Foodgrain_Distribution_Lakh_Tonnes,12.69,Synthetic data for visualization practice
Manipur,2021,Coverage_Percent,71.75,Synthetic data for visualization practice
Manipur,2021,Utilization_Percent,88.75,Synthetic data for visualization practice
Meghalaya,2021,Beneficiaries_Lakh,25.77,Synthetic data for visualization practice
Meghalaya,2021,Foodgrain_Allocation_Lakh_Tonnes,14.76,Synthetic data for visualization practice
Meghalaya,2021,Foodgrain_Distribution_Lakh_Tonnes,12.85,Synthetic data for visualization practice
Meghalaya,2021,Coverage_Percent,83.77,Synthetic data for visualization practice
Meghalaya,2021,Utilization_Percent,87.09,Synthetic data for visualization practice
Mizoram,2021,Beneficiaries_Lakh,17.46,Synthetic data for visualization practice
Mizoram,2021,Foodgrain_Allocation_Lakh_Tonnes,10.41,Synthetic data for visualization practice
Mizoram,2021,Foodgrain_Distribution_Lakh_Tonnes,8.59,Synthetic data for visualization practice
Mizoram,2021,Coverage_Percent,72.59,Synthetic data for visualization practice
Mizoram,2021,Utilization_Percent,82.53,Synthetic data for visualization practice
Nagaland,2021,Beneficiaries_Lakh,9.19,Synthetic data for visualization practice
Nagaland,2021,Foodgrain_Allocation_Lakh_Tonnes,5.05,Synthetic data for visualization practice
Nagaland,2021,Foodgrain_Distribution_Lakh_Tonnes,3.97,Synthetic data for visualization practice
Nagaland,2021,Coverage_Percent,81.56,Synthetic data for visualization practice
Nagaland,2021,Utilization_Percent,78.64,Synthetic data for visualization practice
Odisha,2021,Beneficiaries_Lakh,27.76,Synthetic data for visualization practice
Odisha,2021,Foodgrain_Allocation_Lakh_Tonnes,15.38,Synthetic data for visualization practice
Odisha,2021,Foodgrain_Distribution_Lakh_Tonnes,14.06,Synthetic data for visualization practice
Odisha,2021,Coverage_Percent,89.62,Synthetic data for visualization practice
Odisha,2021,Utilization_Percent,91.41,Synthetic data for visualization practice
Punjab,2021,Beneficiaries_Lakh,21.8,Synthetic data for visualization practice
Punjab,2021,Foodgrain_Allocation_Lakh_Tonnes,10.91,Synthetic data for visualization practice
Punjab,2021,Foodgrain_Distribution_Lakh_Tonnes,9.67,Synthetic data for visualization practice
Punjab,2021,Coverage_Percent,84.53,Synthetic data for visualization practice
Punjab,2021,Utilization_Percent,88.58,Synthetic data for visualization practice
Rajasthan,2021,Beneficiaries_Lakh,23.43,Synthetic data for visualization practice
Rajasthan,2021,Foodgrain_Allocation_Lakh_Tonnes,14.36,Synthetic data for visualization practice
Rajasthan,2021,Foodgrain_Distribution_Lakh_Tonnes,12.89,Synthetic data for visualization practice
Rajasthan,2021,Coverage_Percent,88.44,Synthetic data for visualization practice
Rajasthan,2021,Utilization_Percent,89.75,Synthetic data for visualization practice
Sikkim,2021,Beneficiaries_Lakh,15.34,Synthetic data for visualization practice
Sikkim,2021,Foodgrain_Allocation_Lakh_Tonnes,8.98,Synthetic data for visualization practice
Sikkim,2021,Foodgrain_Distribution_Lakh_Tonnes,8.21,Synthetic data for visualization practice
Sikkim,2021,Coverage_Percent,92.47,Synthetic data for visualization practice
Sikkim,2021,Utilization_Percent,91.44,Synthetic data for visualization practice
Tamil Nadu,2021,Beneficiaries_Lakh,12.27,Synthetic data for visualization practice
Tamil Nadu,2021,Foodgrain_Allocation_Lakh_Tonnes,7.6,Synthetic data for visualization practice
Tamil Nadu,2021,Foodgrain_Distribution_Lakh_Tonnes,6.5,Synthetic data for visualization practice
Tamil Nadu,2021,Coverage_Percent,72.65,Synthetic data for visualization practice
Tamil Nadu,2021,Utilization_Percent,85.55,Synthetic data for visualization practice
Telangana,2021,Beneficiaries_Lakh,32.71,Synthetic data for visualization practice
Telangana,2021,Foodgrain_Allocation_Lakh_Tonnes,16.72,Synthetic data for visualization practice
Telangana,2021,Foodgrain_Distribution_Lakh_Tonnes,15.13,Synthetic data for visualization practice
Telangana,2021,Coverage_Percent,92.02,Synthetic data for visualization practice
Telangana,2021,Utilization_Percent,90.5,Synthetic data for visualization practice
Tripura,2021,Beneficiaries_Lakh,28.9,Synthetic data for visualization practice
Tripura,2021,Foodgrain_Allocation_Lakh_Tonnes,16.41,Synthetic data for visualization practice
Tripura,2021,Foodgrain_Distribution_Lakh_Tonnes,14.11,Synthetic data for visualization practice
Tripura,2021,Coverage_Percent,94.88,Synthetic data for visualization practice
Tripura,2021,Utilization_Percent,86.0,Synthetic data for visualization practice
Uttar Pradesh,2021,Beneficiaries_Lakh,38.41,Synthetic data for visualization practice
Uttar Pradesh,2021,Foodgrain_Allocation_Lakh_Tonnes,19.58,Synthetic data for visualization practice
Uttar Pradesh,2021,Foodgrain_Distribution_Lakh_Tonnes,15.55,Synthetic data for visualization practice
Uttar Pradesh,2021,Coverage_Percent,82.5,Synthetic data for visualization practice
Uttar Pradesh,2021,Utilization_Percent,79.42,Synthetic data for visualization practice
Uttarakhand,2021,Beneficiaries_Lakh,6.81,Synthetic data for visualization practice
Uttarakhand,2021,Foodgrain_Allocation_Lakh_Tonnes,4.05,Synthetic data for visualization practice
Uttarakhand,2021,Foodgrain_Distribution_Lakh_Tonnes,3.49,Synthetic data for visualization practice
Uttarakhand,2021,Coverage_Percent,75.5,Synthetic data for visualization practice
Uttarakhand,2021,Utilization_Percent,86.09,Synthetic data for visualization practice
West Bengal,2021,Beneficiaries_Lakh,20.25,Synthetic data for visualization practice
West Bengal,2021,Foodgrain_Allocation_Lakh_Tonnes,9.54,Synthetic data for visualization practice
West Bengal,2021,Foodgrain_Distribution_Lakh_Tonnes,8.13,Synthetic data for visualization practice
West Bengal,2021,Coverage_Percent,78.38,Synthetic data for visualization practice
West Bengal,2021,Utilization_Percent,85.22,Synthetic data for visualization practice
Delhi,2021,Beneficiaries_Lakh,17.65,Synthetic data for visualization practice
Delhi,2021,Foodgrain_Allocation_Lakh_Tonnes,8.23,Synthetic data for visualization practice
Delhi,2021,Foodgrain_Distribution_Lakh_Tonnes,7.13,Synthetic data for visualization practice
Delhi,2021,Coverage_Percent,79.49,Synthetic data for visualization practice
Delhi,2021,Utilization_Percent,86.71,Synthetic data for visualization practice
Jammu and Kashmir,2021,Beneficiaries_Lakh,19.28,Synthetic data for visualization practice
Jammu and Kashmir,2021,Foodgrain_Allocation_Lakh_Tonnes,9.76,Synthetic data for visualization practice
Jammu and Kashmir,2021,Foodgrain_Distribution_Lakh_Tonnes,8.32,Synthetic data for visualization practice
Jammu and Kashmir,2021,Coverage_Percent,80.99,Synthetic data for visualization practice
Jammu and Kashmir,2021,Utilization_Percent,85.22,Synthetic data for visualization practice
Andhra Pradesh,2022,Beneficiaries_Lakh,22.76,Synthetic data for visualization practice
Andhra Pradesh,2022,Foodgrain_Allocation_Lakh_Tonnes,13.53,Synthetic data for visualization practice
Andhra Pradesh,2022,Foodgrain_Distribution_Lakh_Tonnes,11.29,Synthetic data for visualization practice
Andhra Pradesh,2022,Coverage_Percent,74.58,Synthetic data for visualization practice
Andhra Pradesh,2022,Utilization_Percent,83.43,Synthetic data for visualization practice
Arunachal Pradesh,2022,Beneficiaries_Lakh,8.63,Synthetic data for visualization practice
Arunachal Pradesh,2022,Foodgrain_Allocation_Lakh_Tonnes,4.52,Synthetic data for visualization practice
Arunachal Pradesh,2022,Foodgrain_Distribution_Lakh_Tonnes,4.43,Synthetic data for visualization practice
Arunachal Pradesh,2022,Coverage_Percent,81.93,Synthetic data for visualization practice
Arunachal Pradesh,2022,Utilization_Percent,97.98,Synthetic data for visualization practice
Assam,2022,Beneficiaries_Lakh,28.07,Synthetic data for visualization practice
Assam,2022,Foodgrain_Allocation_Lakh_Tonnes,12.88,Synthetic data for visualization practice
Assam,2022,Foodgrain_Distribution_Lakh_Tonnes,12.01,Synthetic data for visualization practice
Assam,2022,Coverage_Percent,76.05,Synthetic data for visualization practice
Assam,2022,Utilization_Percent,93.3,Synthetic data for visualization practice
Bihar,2022,Beneficiaries_Lakh,41.9,Synthetic data for visualization practice
Bihar,2022,Foodgrain_Allocation_Lakh_Tonnes,22.55,Synthetic data for visualization practice
Bihar,2022,Foodgrain_Distribution_Lakh_Tonnes,18.61,Synthetic data for visualization practice
Bihar,2022,Coverage_Percent,75.53,Synthetic data for visualization practice
Bihar,2022,Utilization_Percent,82.56,Synthetic data for visualization practice
Chhattisgarh,2022,Beneficiaries_Lakh,16.2,Synthetic data for visualization practice
Chhattisgarh,2022,Foodgrain_Allocation_Lakh_Tonnes,9.0,Synthetic data for visualization practice
Chhattisgarh,2022,Foodgrain_Distribution_Lakh_Tonnes,7.69,Synthetic data for visualization practice
Chhattisgarh,2022,Coverage_Percent,87.53,Synthetic data for visualization practice
Chhattisgarh,2022,Utilization_Percent,85.46,Synthetic data for visualization practice
Goa,2022,Beneficiaries_Lakh,5.89,Synthetic data for visualization practice
Goa,2022,Foodgrain_Allocation_Lakh_Tonnes,2.66,Synthetic data for visualization practice
Goa,2022,Foodgrain_Distribution_Lakh_Tonnes,2.31,Synthetic data for visualization practice
Goa,2022,Coverage_Percent,92.4,Synthetic data for visualization practice
Goa,2022,Utilization_Percent,86.83,Synthetic data for visualization practice
Gujarat,2022,Beneficiaries_Lakh,7.4,Synthetic data for visualization practice
Gujarat,2022,Foodgrain_Allocation_Lakh_Tonnes,4.02,Synthetic data for visualization practice
Gujarat,2022,Foodgrain_Distribution_Lakh_Tonnes,3.24,Synthetic data for visualization practice
Gujarat,2022,Coverage_Percent,84.15,Synthetic data for visualization practice
Gujarat,2022,Utilization_Percent,80.59,Synthetic data for visualization practice
Haryana,2022,Beneficiaries_Lakh,27.47,Synthetic data for visualization practice
Haryana,2022,Foodgrain_Allocation_Lakh_Tonnes,13.89,Synthetic data for visualization practice
Haryana,2022,Foodgrain_Distribution_Lakh_Tonnes,13.61,Synthetic data for visualization practice
Haryana,2022,Coverage_Percent,81.48,Synthetic data for visualization practice
Haryana,2022,Utilization_Percent,98.0,Synthetic data for visualization practice
Himachal Pradesh,2022,Beneficiaries_Lakh,13.18,Synthetic data for visualization practice
Himachal Pradesh,2022,Foodgrain_Allocation_Lakh_Tonnes,6.66,Synthetic data for visualization practice
Himachal Pradesh,2022,Foodgrain_Distribution_Lakh_Tonnes,5.9,Synthetic data for visualization practice
Himachal Pradesh,2022,Coverage_Percent,86.56,Synthetic data for visualization practice
Himachal Pradesh,2022,Utilization_Percent,88.59,Synthetic data for visualization practice
Jharkhand,2022,Beneficiaries_Lakh,14.21,Synthetic data for visualization practice
Jharkhand,2022,Foodgrain_Allocation_Lakh_Tonnes,7.87,Synthetic data for visualization practice
Jharkhand,2022,Foodgrain_Distribution_Lakh_Tonnes,6.98,Synthetic data for visualization practice
Jharkhand,2022,Coverage_Percent,77.22,Synthetic data for visualization practice
Jharkhand,2022,Utilization_Percent,88.7,Synthetic data for visualization practice
Karnataka,2022,Beneficiaries_Lakh,15.82,Synthetic data for visualization practice
Karnataka,2022,Foodgrain_Allocation_Lakh_Tonnes,9.66,Synthetic data for visualization practice
Karnataka,2022,Foodgrain_Distribution_Lakh_Tonnes,8.85,Synthetic data for visualization practice
Karnataka,2022,Coverage_Percent,61.86,Synthetic data for visualization practice
Karnataka,2022,Utilization_Percent,91.6,Synthetic data for visualization practice
Kerala,2022,Beneficiaries_Lakh,6.77,Synthetic data for visualization practice
Kerala,2022,Foodgrain_Allocation_Lakh_Tonnes,3.92,Synthetic data for visualization practice
Kerala,2022,Foodgrain_Distribution_Lakh_Tonnes,3.19,Synthetic data for visualization practice
Kerala,2022,Coverage_Percent,80.49,Synthetic data for visualization practice
Kerala,2022,Utilization_Percent,81.43,Synthetic data for visualization practice
Madhya Pradesh,2022,Beneficiaries_Lakh,12.98,Synthetic data for visualization practice
Madhya Pradesh,2022,Foodgrain_Allocation_Lakh_Tonnes,7.48,Synthetic data for visualization practice
Madhya Pradesh,2022,Foodgrain_Distribution_Lakh_Tonnes,6.39,Synthetic data for visualization practice
Madhya Pradesh,2022,Coverage_Percent,93.07,Synthetic data for visualization practice
Madhya Pradesh,2022,Utilization_Percent,85.43,Synthetic data for visualization practice
Maharashtra,2022,Beneficiaries_Lakh,31.47,Synthetic data for visualization practice
Maharashtra,2022,Foodgrain_Allocation_Lakh_Tonnes,14.29,Synthetic data for visualization practice
Maharashtra,2022,Foodgrain_Distribution_Lakh_Tonnes,13.69,Synthetic data for visualization practice
Maharashtra,2022,Coverage_Percent,87.0,Synthetic data for visualization practice
Maharashtra,2022,Utilization_Percent,95.78,Synthetic data for visualization practice
Manipur,2022,Beneficiaries_Lakh,15.48,Synthetic data for visualization practice
Manipur,2022,Foodgrain_Allocation_Lakh_Tonnes,6.94,Synthetic data for visualization practice
Manipur,2022,Foodgrain_Distribution_Lakh_Tonnes,5.92,Synthetic data for visualization practice
Manipur,2022,Coverage_Percent,70.03,Synthetic data for visualization practice
Manipur,2022,Utilization_Percent,85.31,Synthetic data for visualization practice
Meghalaya,2022,Beneficiaries_Lakh,3.34,Synthetic data for visualization practice
Meghalaya,2022,Foodgrain_Allocation_Lakh_Tonnes,1.86,Synthetic data for visualization practice
Meghalaya,2022,Foodgrain_Distribution_Lakh_Tonnes,1.63,Synthetic data for visualization practice
Meghalaya,2022,Coverage_Percent,82.98,Synthetic data for visualization practice
Meghalaya,2022,Utilization_Percent,87.48,Synthetic data for visualization practice
Mizoram,2022,Beneficiaries_Lakh,13.07,Synthetic data for visualization practice
Mizoram,2022,Foodgrain_Allocation_Lakh_Tonnes,6.01,Synthetic data for visualization practice
Mizoram,2022,Foodgrain_Distribution_Lakh_Tonnes,5.11,Synthetic data for visualization practice
Mizoram,2022,Coverage_Percent,80.18,Synthetic data for visualization practice
Mizoram,2022,Utilization_Percent,85.01,Synthetic data for visualization practice
Nagaland,2022,Beneficiaries_Lakh,22.7,Synthetic data for visualization practice
Nagaland,2022,Foodgrain_Allocation_Lakh_Tonnes,10.74,Synthetic data for visualization practice
Nagaland,2022,Foodgrain_Distribution_Lakh_Tonnes,9.93,Synthetic data for visualization practice
Nagaland,2022,Coverage_Percent,76.4,Synthetic data for visualization practice
Nagaland,2022,Utilization_Percent,92.44,Synthetic data for visualization practice
Odisha,2022,Beneficiaries_Lakh,15.58,Synthetic data for visualization practice
Odisha,2022,Foodgrain_Allocation_Lakh_Tonnes,9.12,Synthetic data for visualization practice
Odisha,2022,Foodgrain_Distribution_Lakh_Tonnes,8.53,Synthetic data for visualization practice
Odisha,2022,Coverage_Percent,82.51,Synthetic data for visualization practice
Odisha,2022,Utilization_Percent,93.48,Synthetic data for visualization practice
Punjab,2022,Beneficiaries_Lakh,37.45,Synthetic data for visualization practice
Punjab,2022,Foodgrain_Allocation_Lakh_Tonnes,21.63,Synthetic data for visualization practice
Punjab,2022,Foodgrain_Distribution_Lakh_Tonnes,19.44,Synthetic data for visualization practice
Punjab,2022,Coverage_Percent,94.22,Synthetic data for visualization practice
Punjab,2022,Utilization_Percent,89.86,Synthetic data for visualization practice
Rajasthan,2022,Beneficiaries_Lakh,40.13,Synthetic data for visualization practice
Rajasthan,2022,Foodgrain_Allocation_Lakh_Tonnes,21.52,Synthetic data for visualization practice
Rajasthan,2022,Foodgrain_Distribution_Lakh_Tonnes,18.8,Synthetic data for visualization practice
Rajasthan,2022,Coverage_Percent,90.55,Synthetic data for visualization practice
Rajasthan,2022,Utilization_Percent,87.37,Synthetic data for visualization practice
Sikkim,2022,Beneficiaries_Lakh,34.82,Synthetic data for visualization practice
Sikkim,2022,Foodgrain_Allocation_Lakh_Tonnes,18.8,Synthetic data for visualization practice
Sikkim,2022,Foodgrain_Distribution_Lakh_Tonnes,16.8,Synthetic data for visualization practice
Sikkim,2022,Coverage_Percent,79.7,Synthetic data for visualization practice
Sikkim,2022,Utilization_Percent,89.37,Synthetic data for visualization practice
Tamil Nadu,2022,Beneficiaries_Lakh,30.19,Synthetic data for visualization practice
Tamil Nadu,2022,Foodgrain_Allocation_Lakh_Tonnes,13.08,Synthetic data for visualization practice
Tamil Nadu,2022,Foodgrain_Distribution_Lakh_Tonnes,11.73,Synthetic data for visualization practice
Tamil Nadu,2022,Coverage_Percent,79.11,Synthetic data for visualization practice
Tamil Nadu,2022,Utilization_Percent,89.7,Synthetic data for visualization practice
Telangana,2022,Beneficiaries_Lakh,14.68,Synthetic data for visualization practice
Telangana,2022,Foodgrain_Allocation_Lakh_Tonnes,7.2,Synthetic data for visualization practice
Telangana,2022,Foodgrain_Distribution_Lakh_Tonnes,6.48,Synthetic data for visualization practice
Telangana,2022,Coverage_Percent,87.14,Synthetic data for visualization practice
Telangana,2022,Utilization_Percent,90.0,Synthetic data for visualization practice
Tripura,2022,Beneficiaries_Lakh,26.24,Synthetic data for visualization practice
Tripura,2022,Foodgrain_Allocation_Lakh_Tonnes,14.42,Synthetic data for visualization practice
Tripura,2022,Foodgrain_Distribution_Lakh_Tonnes,11.43,Synthetic data for visualization practice
Tripura,2022,Coverage_Percent,79.73,Synthetic data for visualization practice
Tripura,2022,Utilization_Percent,79.26,Synthetic data for visualization practice
Uttar Pradesh,2022,Beneficiaries_Lakh,6.42,Synthetic data for visualization practice
Uttar Pradesh,2022,Foodgrain_Allocation_Lakh_Tonnes,2.82,Synthetic data for visualization practice
Uttar Pradesh,2022,Foodgrain_Distribution_Lakh_Tonnes,2.21,Synthetic data for visualization practice
Uttar Pradesh,2022,Coverage_Percent,97.92,Synthetic data for visualization practice
Uttar Pradesh,2022,Utilization_Percent,78.28,Synthetic data for visualization practice
Uttarakhand,2022,Beneficiaries_Lakh,17.78,Synthetic data for visualization practice
Uttarakhand,2022,Foodgrain_Allocation_Lakh_Tonnes,7.89,Synthetic data for visualization practice
Uttarakhand,2022,Foodgrain_Distribution_Lakh_Tonnes,7.34,Synthetic data for visualization practice
Uttarakhand,2022,Coverage_Percent,82.29,Synthetic data for visualization practice
Uttarakhand,2022,Utilization_Percent,92.98,Synthetic data for visualization practice
West Bengal,2022,Beneficiaries_Lakh,30.2,Synthetic data for visualization practice
West Bengal,2022,Foodgrain_Allocation_Lakh_Tonnes,13.46,Synthetic data for visualization practice
West Bengal,2022,Foodgrain_Distribution_Lakh_Tonnes,12.42,Synthetic data for visualization practice
West Bengal,2022,Coverage_Percent,80.35,Synthetic data for visualization practice
West Bengal,2022,Utilization_Percent,92.23,Synthetic data for visualization practice
Delhi,2022,Beneficiaries_Lakh,8.53,Synthetic data for visualization practice
Delhi,2022,Foodgrain_Allocation_Lakh_Tonnes,3.85,Synthetic data for visualization practice
Delhi,2022,Foodgrain_Distribution_Lakh_Tonnes,3.7,Synthetic data for visualization practice
Delhi,2022,Coverage_Percent,82.32,Synthetic data for visualization practice
Delhi,2022,Utilization_Percent,95.98,Synthetic data for visualization practice
Jammu and Kashmir,2022,Beneficiaries_Lakh,15.67,Synthetic data for visualization practice
Jammu and Kashmir,2022,Foodgrain_Allocation_Lakh_Tonnes,8.99,Synthetic data for visualization practice
Jammu and Kashmir,2022,Foodgrain_Distribution_Lakh_Tonnes,6.73,Synthetic data for visualization practice
Jammu and Kashmir,2022,Coverage_Percent,80.7,Synthetic data for visualization practice
Jammu and Kashmir,2022,Utilization_Percent,74.85,Synthetic data for visualization practice
Andhra Pradesh,2023,Beneficiaries_Lakh,5.82,Synthetic data for visualization practice
Andhra Pradesh,2023,Foodgrain_Allocation_Lakh_Tonnes,2.56,Synthetic data for visualization practice
Andhra Pradesh,2023,Foodgrain_Distribution_Lakh_Tonnes,2.36,Synthetic data for visualization practice
Andhra Pradesh,2023,Coverage_Percent,80.33,Synthetic data for visualization practice
Andhra Pradesh,2023,Utilization_Percent,92.26,Synthetic data for visualization practice
Arunachal Pradesh,2023,Beneficiaries_Lakh,30.0,Synthetic data for visualization practice
Arunachal Pradesh,2023,Foodgrain_Allocation_Lakh_Tonnes,17.08,Synthetic data for visualization practice
Arunachal Pradesh,2023,Foodgrain_Distribution_Lakh_Tonnes,14.44,Synthetic data for visualization practice
Arunachal Pradesh,2023,Coverage_Percent,65.51,Synthetic data for visualization practice
Arunachal Pradesh,2023,Utilization_Percent,84.54,Synthetic data for visualization practice
Assam,2023,Beneficiaries_Lakh,6.67,Synthetic data for visualization practice
Assam,2023,Foodgrain_Allocation_Lakh_Tonnes,3.79,Synthetic data for visualization practice
Assam,2023,Foodgrain_Distribution_Lakh_Tonnes,3.53,Synthetic data for visualization practice
Assam,2023,Coverage_Percent,90.41,Synthetic data for visualization practice
Assam,2023,Utilization_Percent,93.19,Synthetic data for visualization practice
Bihar,2023,Beneficiaries_Lakh,32.97,Synthetic data for visualization practice
Bihar,2023,Foodgrain_Allocation_Lakh_Tonnes,14.75,Synthetic data for visualization practice
Bihar,2023,Foodgrain_Distribution_Lakh_Tonnes,13.44,Synthetic data for visualization practice
Bihar,2023,Coverage_Percent,81.05,Synthetic data for visualization practice
Bihar,2023,Utilization_Percent,91.11,Synthetic data for visualization practice
Chhattisgarh,2023,Beneficiaries_Lakh,30.39,Synthetic data for visualization practice
Chhattisgarh,2023,Foodgrain_Allocation_Lakh_Tonnes,15.58,Synthetic data for visualization practice
Chhattisgarh,2023,Foodgrain_Distribution_Lakh_Tonnes,15.14,Synthetic data for visualization practice
Chhattisgarh,2023,Coverage_Percent,95.12,Synthetic data for visualization practice
Chhattisgarh,2023,Utilization_Percent,97.19,Synthetic data for visualization practice
Goa,2023,Beneficiaries_Lakh,11.66,Synthetic data for visualization practice
Goa,2023,Foodgrain_Allocation_Lakh_Tonnes,5.98,Synthetic data for visualization practice
Goa,2023,Foodgrain_Distribution_Lakh_Tonnes,5.45,Synthetic data for visualization practice
Goa,2023,Coverage_Percent,94.32,Synthetic data for visualization practice
Goa,2023,Utilization_Percent,91.21,Synthetic data for visualization practice
Gujarat,2023,Beneficiaries_Lakh,9.58,Synthetic data for visualization practice
Gujarat,2023,Foodgrain_Allocation_Lakh_Tonnes,4.12,Synthetic data for visualization practice
Gujarat,2023,Foodgrain_Distribution_Lakh_Tonnes,3.74,Synthetic data for visualization practice
Gujarat,2023,Coverage_Percent,93.5,Synthetic data for visualization practice
Gujarat,2023,Utilization_Percent,90.64,Synthetic data for visualization practice
Haryana,2023,Beneficiaries_Lakh,15.13,Synthetic data for visualization practice
Haryana,2023,Foodgrain_Allocation_Lakh_Tonnes,8.05,Synthetic data for visualization practice
Haryana,2023,Foodgrain_Distribution_Lakh_Tonnes,7.12,Synthetic data for visualization practice
Haryana,2023,Coverage_Percent,77.58,Synthetic data for visualization practice
Haryana,2023,Utilization_Percent,88.42,Synthetic data for visualization practice
Himachal Pradesh,2023,Beneficiaries_Lakh,7.83,Synthetic data for visualization practice
Himachal Pradesh,2023,Foodgrain_Allocation_Lakh_Tonnes,3.5,Synthetic data for visualization practice
Himachal Pradesh,2023,Foodgrain_Distribution_Lakh_Tonnes,2.93,Synthetic data for visualization practice
Himachal Pradesh,2023,Coverage_Percent,78.76,Synthetic data for visualization practice
Himachal Pradesh,2023,Utilization_Percent,83.59,Synthetic data for visualization practice
Jharkhand,2023,Beneficiaries_Lakh,3.7,Synthetic data for visualization practice
Jharkhand,2023,Foodgrain_Allocation_Lakh_Tonnes,1.79,Synthetic data for visualization practice
Jharkhand,2023,Foodgrain_Distribution_Lakh_Tonnes,1.61,Synthetic data for visualization practice
Jharkhand,2023,Coverage_Percent,88.86,Synthetic data for visualization practice
Jharkhand,2023,Utilization_Percent,90.09,Synthetic data for visualization practice
Karnataka,2023,Beneficiaries_Lakh,6.2,Synthetic data for visualization practice
Karnataka,2023,Foodgrain_Allocation_Lakh_Tonnes,3.04,Synthetic data for visualization practice
Karnataka,2023,Foodgrain_Distribution_Lakh_Tonnes,2.65,Synthetic data for visualization practice
Karnataka,2023,Coverage_Percent,82.21,Synthetic data for visualization practice
Karnataka,2023,Utilization_Percent,87.18,Synthetic data for visualization practice
Kerala,2023,Beneficiaries_Lakh,13.62,Synthetic data for visualization practice
Kerala,2023,Foodgrain_Allocation_Lakh_Tonnes,5.97,Synthetic data for visualization practice
Kerala,2023,Foodgrain_Distribution_Lakh_Tonnes,5.59,Synthetic data for visualization practice
Kerala,2023,Coverage_Percent,82.19,Synthetic data for visualization practice
Kerala,2023,Utilization_Percent,93.57,Synthetic data for visualization practice
Madhya Pradesh,2023,Beneficiaries_Lakh,7.77,Synthetic data for visualization practice
Madhya Pradesh,2023,Foodgrain_Allocation_Lakh_Tonnes,3.71,Synthetic data for visualization practice
Madhya Pradesh,2023,Foodgrain_Distribution_Lakh_Tonnes,3.18,Synthetic data for visualization practice
Madhya Pradesh,2023,Coverage_Percent,91.97,Synthetic data for visualization practice
Madhya Pradesh,2023,Utilization_Percent,85.72,Synthetic data for visualization practice
Maharashtra,2023,Beneficiaries_Lakh,13.18,Synthetic data for visualization practice
Maharashtra,2023,Foodgrain_Allocation_Lakh_Tonnes,7.74,Synthetic data for visualization practice
Maharashtra,2023,Foodgrain_Distribution_Lakh_Tonnes,6.45,Synthetic data for visualization practice
Maharashtra,2023,Coverage_Percent,86.07,Synthetic data for visualization practice
Maharashtra,2023,Utilization_Percent,83.39,Synthetic data for visualization practice
Manipur,2023,Beneficiaries_Lakh,20.69,Synthetic data for visualization practice
Manipur,2023,Foodgrain_Allocation_Lakh_Tonnes,12.2,Synthetic data for visualization practice
Manipur,2023,Foodgrain_Distribution_Lakh_Tonnes,11.61,Synthetic data for visualization practice
Manipur,2023,Coverage_Percent,82.12,Synthetic data for visualization practice
Manipur,2023,Utilization_Percent,95.16,Synthetic data for visualization practice
Meghalaya,2023,Beneficiaries_Lakh,29.89,Synthetic data for visualization practice
Meghalaya,2023,Foodgrain_Allocation_Lakh_Tonnes,15.54,Synthetic data for visualization practice
Meghalaya,2023,Foodgrain_Distribution_Lakh_Tonnes,12.86,Synthetic data for visualization practice
Meghalaya,2023,Coverage_Percent,84.19,Synthetic data for visualization practice
Meghalaya,2023,Utilization_Percent,82.71,Synthetic data for visualization practice
Mizoram,2023,Beneficiaries_Lakh,37.37,Synthetic data for visualization practice
Mizoram,2023,Foodgrain_Allocation_Lakh_Tonnes,20.01,Synthetic data for visualization practice
Mizoram,2023,Foodgrain_Distribution_Lakh_Tonnes,17.46,Synthetic data for visualization practice
Mizoram,2023,Coverage_Percent,81.97,Synthetic data for visualization practice
Mizoram,2023,Utilization_Percent,87.26,Synthetic data for visualization practice
Nagaland,2023,Beneficiaries_Lakh,2.94,Synthetic data for visualization practice
Nagaland,2023,Foodgrain_Allocation_Lakh_Tonnes,1.47,Synthetic data for visualization practice
Nagaland,2023,Foodgrain_Distribution_Lakh_Tonnes,1.19,Synthetic data for visualization practice
Nagaland,2023,Coverage_Percent,78.06,Synthetic data for visualization practice
Nagaland,2023,Utilization_Percent,80.99,Synthetic data for visualization practice
Odisha,2023,Beneficiaries_Lakh,5.98,Synthetic data for visualization practice
Odisha,2023,Foodgrain_Allocation_Lakh_Tonnes,2.78,Synthetic data for visualization practice
Odisha,2023,Foodgrain_Distribution_Lakh_Tonnes,2.69,Synthetic data for visualization practice
Odisha,2023,Coverage_Percent,82.91,Synthetic data for visualization practice
Odisha,2023,Utilization_Percent,96.87,Synthetic data for visualization practice
Punjab,2023,Beneficiaries_Lakh,19.84,Synthetic data for visualization practice
Punjab,2023,Foodgrain_Allocation_Lakh_Tonnes,9.73,Synthetic data for visualization practice
Punjab,2023,Foodgrain_Distribution_Lakh_Tonnes,8.04,Synthetic data for visualization practice
Punjab,2023,Coverage_Percent,81.56,Synthetic data for visualization practice
Punjab,2023,Utilization_Percent,82.62,Synthetic data for visualization practice
Rajasthan,2023,Beneficiaries_Lakh,21.39,Synthetic data for visualization practice
Rajasthan,2023,Foodgrain_Allocation_Lakh_Tonnes,10.44,Synthetic data for visualization practice
Rajasthan,2023,Foodgrain_Distribution_Lakh_Tonnes,9.4,Synthetic data for visualization practice
Rajasthan,2023,Coverage_Percent,78.38,Synthetic data for visualization practice
Rajasthan,2023,Utilization_Percent,90.04,Synthetic data for visualization practice
Sikkim,2023,Beneficiaries_Lakh,41.38,Synthetic data for visualization practice
Sikkim,2023,Foodgrain_Allocation_Lakh_Tonnes,22.41,Synthetic data for visualization practice
Sikkim,2023,Foodgrain_Distribution_Lakh_Tonnes,20.11,Synthetic data for visualization practice
Sikkim,2023,Coverage_Percent,79.26,Synthetic data for visualization practice
Sikkim,2023,Utilization_Percent,89.73,Synthetic data for visualization practice
Tamil Nadu,2023,Beneficiaries_Lakh,10.98,Synthetic data for visualization practice
Tamil Nadu,2023,Foodgrain_Allocation_Lakh_Tonnes,4.69,Synthetic data for visualization practice
Tamil Nadu,2023,Foodgrain_Distribution_Lakh_Tonnes,3.4,Synthetic data for visualization practice
Tamil Nadu,2023,Coverage_Percent,98.0,Synthetic data for visualization practice
Tamil Nadu,2023,Utilization_Percent,72.59,Synthetic data for visualization practice
Telangana,2023,Beneficiaries_Lakh,14.77,Synthetic data for visualization practice
Telangana,2023,Foodgrain_Allocation_Lakh_Tonnes,8.02,Synthetic data for visualization practice
Telangana,2023,Foodgrain_Distribution_Lakh_Tonnes,7.24,Synthetic data for visualization practice
Telangana,2023,Coverage_Percent,87.23,Synthetic data for visualization practice
Telangana,2023,Utilization_Percent,90.33,Synthetic data for visualization practice
Tripura,2023,Beneficiaries_Lakh,11.29,Synthetic data for visualization practice
Tripura,2023,Foodgrain_Allocation_Lakh_Tonnes,5.91,Synthetic data for visualization practice
Tripura,2023,Foodgrain_Distribution_Lakh_Tonnes,5.62,Synthetic data for visualization practice
Tripura,2023,Coverage_Percent,77.47,Synthetic data for visualization practice
Tripura,2023,Utilization_Percent,95.16,Synthetic data for visualization practice
Uttar Pradesh,2023,Beneficiaries_Lakh,23.66,Synthetic data for visualization practice
Uttar Pradesh,2023,Foodgrain_Allocation_Lakh_Tonnes,10.19,Synthetic data for visualization practice
Uttar Pradesh,2023,Foodgrain_Distribution_Lakh_Tonnes,8.76,Synthetic data for visualization practice
Uttar Pradesh,2023,Coverage_Percent,79.39,Synthetic data for visualization practice
Uttar Pradesh,2023,Utilization_Percent,85.95,Synthetic data for visualization practice
Uttarakhand,2023,Beneficiaries_Lakh,7.86,Synthetic data for visualization practice
Uttarakhand,2023,Foodgrain_Allocation_Lakh_Tonnes,3.55,Synthetic data for visualization practice
Uttarakhand,2023,Foodgrain_Distribution_Lakh_Tonnes,3.16,Synthetic data for visualization practice
Uttarakhand,2023,Coverage_Percent,83.56,Synthetic data for visualization practice
Uttarakhand,2023,Utilization_Percent,89.15,Synthetic data for visualization practice
West Bengal,2023,Beneficiaries_Lakh,6.51,Synthetic data for visualization practice
West Bengal,2023,Foodgrain_Allocation_Lakh_Tonnes,3.81,Synthetic data for visualization practice
West Bengal,2023,Foodgrain_Distribution_Lakh_Tonnes,3.53,Synthetic data for visualization practice
West Bengal,2023,Coverage_Percent,80.96,Synthetic data for visualization practice
West Bengal,2023,Utilization_Percent,92.57,Synthetic data for visualization practice
Delhi,2023,Beneficiaries_Lakh,14.58,Synthetic data for visualization practice
Delhi,2023,Foodgrain_Allocation_Lakh_Tonnes,8.82,Synthetic data for visualization practice
Delhi,2023,Foodgrain_Distribution_Lakh_Tonnes,8.12,Synthetic data for visualization practice
Delhi,2023,Coverage_Percent,86.36,Synthetic data for visualization practice
Delhi,2023,Utilization_Percent,92.11,Synthetic data for visualization practice
Jammu and Kashmir,2023,Beneficiaries_Lakh,29.67,Synthetic data for visualization practice
Jammu and Kashmir,2023,Foodgrain_Allocation_Lakh_Tonnes,13.47,Synthetic data for visualization practice
Jammu and Kashmir,2023,Foodgrain_Distribution_Lakh_Tonnes,12.45,Synthetic data for visualization practice
Jammu and Kashmir,2023,Coverage_Percent,81.78,Synthetic data for visualization practice
Jammu and Kashmir,2023,Utilization_Percent,92.4,Synthetic data for visualization practice
Andhra Pradesh,2024,Beneficiaries_Lakh,21.09,Synthetic data for visualization practice
Andhra Pradesh,2024,Foodgrain_Allocation_Lakh_Tonnes,9.14,Synthetic data for visualization practice
Andhra Pradesh,2024,Foodgrain_Distribution_Lakh_Tonnes,8.16,Synthetic data for visualization practice
Andhra Pradesh,2024,Coverage_Percent,85.64,Synthetic data for visualization practice
Andhra Pradesh,2024,Utilization_Percent,89.29,Synthetic data for visualization practice
Arunachal Pradesh,2024,Beneficiaries_Lakh,18.24,Synthetic data for visualization practice
Arunachal Pradesh,2024,Foodgrain_Allocation_Lakh_Tonnes,10.03,Synthetic data for visualization practice
Arunachal Pradesh,2024,Foodgrain_Distribution_Lakh_Tonnes,8.37,Synthetic data for visualization practice
Arunachal Pradesh,2024,Coverage_Percent,85.04,Synthetic data for visualization practice
Arunachal Pradesh,2024,Utilization_Percent,83.5,Synthetic data for visualization practice
Assam,2024,Beneficiaries_Lakh,17.41,Synthetic data for visualization practice
Assam,2024,Foodgrain_Allocation_Lakh_Tonnes,8.19,Synthetic data for visualization practice
Assam,2024,Foodgrain_Distribution_Lakh_Tonnes,7.37,Synthetic data for visualization practice
Assam,2024,Coverage_Percent,76.06,Synthetic data for visualization practice
Assam,2024,Utilization_Percent,89.96,Synthetic data for visualization practice
Bihar,2024,Beneficiaries_Lakh,7.23,Synthetic data for visualization practice
Bihar,2024,Foodgrain_Allocation_Lakh_Tonnes,3.53,Synthetic data for visualization practice
Bihar,2024,Foodgrain_Distribution_Lakh_Tonnes,2.81,Synthetic data for visualization practice
Bihar,2024,Coverage_Percent,71.24,Synthetic data for visualization practice
Bihar,2024,Utilization_Percent,79.71,Synthetic data for visualization practice
Chhattisgarh,2024,Beneficiaries_Lakh,22.38,Synthetic data for visualization practice
Chhattisgarh,2024,Foodgrain_Allocation_Lakh_Tonnes,12.44,Synthetic data for visualization practice
Chhattisgarh,2024,Foodgrain_Distribution_Lakh_Tonnes,11.99,Synthetic data for visualization practice
Chhattisgarh,2024,Coverage_Percent,72.35,Synthetic data for visualization practice
Chhattisgarh,2024,Utilization_Percent,96.32,Synthetic data for visualization practice
Goa,2024,Beneficiaries_Lakh,11.53,Synthetic data for visualization practice
Goa,2024,Foodgrain_Allocation_Lakh_Tonnes,6.66,Synthetic data for visualization practice
Goa,2024,Foodgrain_Distribution_Lakh_Tonnes,5.74,Synthetic data for visualization practice
Goa,2024,Coverage_Percent,80.9,Synthetic data for visualization practice
Goa,2024,Utilization_Percent,86.16,Synthetic data for visualization practice
Gujarat,2024,Beneficiaries_Lakh,9.82,Synthetic data for visualization practice
Gujarat,2024,Foodgrain_Allocation_Lakh_Tonnes,4.94,Synthetic data for visualization practice
Gujarat,2024,Foodgrain_Distribution_Lakh_Tonnes,4.16,Synthetic data for visualization practice
Gujarat,2024,Coverage_Percent,72.35,Synthetic data for visualization practice
Gujarat,2024,Utilization_Percent,84.21,Synthetic data for visualization practice
Haryana,2024,Beneficiaries_Lakh,14.4,Synthetic data for visualization practice
Haryana,2024,Foodgrain_Allocation_Lakh_Tonnes,6.49,Synthetic data for visualization practice
Haryana,2024,Foodgrain_Distribution_Lakh_Tonnes,5.42,Synthetic data for visualization practice
Haryana,2024,Coverage_Percent,89.52,Synthetic data for visualization practice
Haryana,2024,Utilization_Percent,83.46,Synthetic data for visualization practice
Himachal Pradesh,2024,Beneficiaries_Lakh,29.04,Synthetic data for visualization practice
Himachal Pradesh,2024,Foodgrain_Allocation_Lakh_Tonnes,16.55,Synthetic data for visualization practice
Himachal Pradesh,2024,Foodgrain_Distribution_Lakh_Tonnes,14.62,Synthetic data for visualization practice
Himachal Pradesh,2024,Coverage_Percent,82.92,Synthetic data for visualization practice
Himachal Pradesh,2024,Utilization_Percent,88.33,Synthetic data for visualization practice
Jharkhand,2024,Beneficiaries_Lakh,40.25,Synthetic data for visualization practice
Jharkhand,2024,Foodgrain_Allocation_Lakh_Tonnes,22.71,Synthetic data for visualization practice
Jharkhand,2024,Foodgrain_Distribution_Lakh_Tonnes,21.05,Synthetic data for visualization practice
Jharkhand,2024,Coverage_Percent,81.1,Synthetic data for visualization practice
Jharkhand,2024,Utilization_Percent,92.66,Synthetic data for visualization practice
Karnataka,2024,Beneficiaries_Lakh,4.65,Synthetic data for visualization practice
Karnataka,2024,Foodgrain_Allocation_Lakh_Tonnes,2.6,Synthetic data for visualization practice
Karnataka,2024,Foodgrain_Distribution_Lakh_Tonnes,2.09,Synthetic data for visualization practice
Karnataka,2024,Coverage_Percent,80.29,Synthetic data for visualization practice
Karnataka,2024,Utilization_Percent,80.34,Synthetic data for visualization practice
Kerala,2024,Beneficiaries_Lakh,7.77,Synthetic data for visualization practice
Kerala,2024,Foodgrain_Allocation_Lakh_Tonnes,3.47,Synthetic data for visualization practice
Kerala,2024,Foodgrain_Distribution_Lakh_Tonnes,3.0,Synthetic data for visualization practice
Kerala,2024,Coverage_Percent,89.64,Synthetic data for visualization practice
Kerala,2024,Utilization_Percent,86.46,Synthetic data for visualization practice
Madhya Pradesh,2024,Beneficiaries_Lakh,30.58,Synthetic data for visualization practice
Madhya Pradesh,2024,Foodgrain_Allocation_Lakh_Tonnes,16.14,Synthetic data for visualization practice
Madhya Pradesh,2024,Foodgrain_Distribution_Lakh_Tonnes,13.01,Synthetic data for visualization practice
Madhya Pradesh,2024,Coverage_Percent,76.76,Synthetic data for visualization practice
Madhya Pradesh,2024,Utilization_Percent,80.58,Synthetic data for visualization practice
Maharashtra,2024,Beneficiaries_Lakh,35.46,Synthetic data for visualization practice
Maharashtra,2024,Foodgrain_Allocation_Lakh_Tonnes,17.17,Synthetic data for visualization practice
Maharashtra,2024,Foodgrain_Distribution_Lakh_Tonnes,14.93,Synthetic data for visualization practice
Maharashtra,2024,Coverage_Percent,79.78,Synthetic data for visualization practice
Maharashtra,2024,Utilization_Percent,86.92,Synthetic data for visualization practice
Manipur,2024,Beneficiaries_Lakh,4.14,Synthetic data for visualization practice
Manipur,2024,Foodgrain_Allocation_Lakh_Tonnes,1.76,Synthetic data for visualization practice
Manipur,2024,Foodgrain_Distribution_Lakh_Tonnes,1.52,Synthetic data for visualization practice
Manipur,2024,Coverage_Percent,81.34,Synthetic data for visualization practice
Manipur,2024,Utilization_Percent,86.63,Synthetic data for visualization practice
Meghalaya,2024,Beneficiaries_Lakh,26.17,Synthetic data for visualization practice
Meghalaya,2024,Foodgrain_Allocation_Lakh_Tonnes,15.38,Synthetic data for visualization practice
Meghalaya,2024,Foodgrain_Distribution_Lakh_Tonnes,13.86,Synthetic data for visualization practice
Meghalaya,2024,Coverage_Percent,60.82,Synthetic data for visualization practice
Meghalaya,2024,Utilization_Percent,90.16,Synthetic data for visualization practice
Mizoram,2024,Beneficiaries_Lakh,7.63,Synthetic data for visualization practice
Mizoram,2024,Foodgrain_Allocation_Lakh_Tonnes,3.24,Synthetic data for visualization practice
Mizoram,2024,Foodgrain_Distribution_Lakh_Tonnes,3.04,Synthetic data for visualization practice
Mizoram,2024,Coverage_Percent,78.91,Synthetic data for visualization practice
Mizoram,2024,Utilization_Percent,94.02,Synthetic data for visualization practice
Nagaland,2024,Beneficiaries_Lakh,18.31,Synthetic data for visualization practice
Nagaland,2024,Foodgrain_Allocation_Lakh_Tonnes,9.5,Synthetic data for visualization practice
Nagaland,2024,Foodgrain_Distribution_Lakh_Tonnes,8.16,Synthetic data for visualization practice
Nagaland,2024,Coverage_Percent,82.68,Synthetic data for visualization practice
Nagaland,2024,Utilization_Percent,85.99,Synthetic data for visualization practice
Odisha,2024,Beneficiaries_Lakh,16.67,Synthetic data for visualization practice
Odisha,2024,Foodgrain_Allocation_Lakh_Tonnes,9.45,Synthetic data for visualization practice
Odisha,2024,Foodgrain_Distribution_Lakh_Tonnes,8.11,Synthetic data for visualization practice
Odisha,2024,Coverage_Percent,74.93,Synthetic data for visualization practice
Odisha,2024,Utilization_Percent,85.85,Synthetic data for visualization practice
Punjab,2024,Beneficiaries_Lakh,35.63,Synthetic data for visualization practice
Punjab,2024,Foodgrain_Allocation_Lakh_Tonnes,17.81,Synthetic data for visualization practice
Punjab,2024,Foodgrain_Distribution_Lakh_Tonnes,14.4,Synthetic data for visualization practice
Punjab,2024,Coverage_Percent,87.32,Synthetic data for visualization practice
Punjab,2024,Utilization_Percent,80.86,Synthetic data for visualization practice
Rajasthan,2024,Beneficiaries_Lakh,3.75,Synthetic data for visualization practice
Rajasthan,2024,Foodgrain_Allocation_Lakh_Tonnes,1.59,Synthetic data for visualization practice
Rajasthan,2024,Foodgrain_Distribution_Lakh_Tonnes,1.45,Synthetic data for visualization practice
Rajasthan,2024,Coverage_Percent,97.3,Synthetic data for visualization practice
Rajasthan,2024,Utilization_Percent,91.19,Synthetic data for visualization practice
Sikkim,2024,Beneficiaries_Lakh,37.13,Synthetic data for visualization practice
Sikkim,2024,Foodgrain_Allocation_Lakh_Tonnes,20.22,Synthetic data for visualization practice
Sikkim,2024,Foodgrain_Distribution_Lakh_Tonnes,19.57,Synthetic data for visualization practice
Sikkim,2024,Coverage_Percent,94.38,Synthetic data for visualization practice
Sikkim,2024,Utilization_Percent,96.78,Synthetic data for visualization practice
Tamil Nadu,2024,Beneficiaries_Lakh,20.71,Synthetic data for visualization practice
Tamil Nadu,2024,Foodgrain_Allocation_Lakh_Tonnes,10.85,Synthetic data for visualization practice
Tamil Nadu,2024,Foodgrain_Distribution_Lakh_Tonnes,10.21,Synthetic data for visualization practice
Tamil Nadu,2024,Coverage_Percent,72.99,Synthetic data for visualization practice
Tamil Nadu,2024,Utilization_Percent,94.12,Synthetic data for visualization practice
Telangana,2024,Beneficiaries_Lakh,13.05,Synthetic data for visualization practice
Telangana,2024,Foodgrain_Allocation_Lakh_Tonnes,5.75,Synthetic data for visualization practice
Telangana,2024,Foodgrain_Distribution_Lakh_Tonnes,5.19,Synthetic data for visualization practice
Telangana,2024,Coverage_Percent,80.56,Synthetic data for visualization practice
Telangana,2024,Utilization_Percent,90.27,Synthetic data for visualization practice
Tripura,2024,Beneficiaries_Lakh,10.34,Synthetic data for visualization practice
Tripura,2024,Foodgrain_Allocation_Lakh_Tonnes,5.1,Synthetic data for visualization practice
Tripura,2024,Foodgrain_Distribution_Lakh_Tonnes,4.51,Synthetic data for visualization practice
Tripura,2024,Coverage_Percent,66.1,Synthetic data for visualization practice
Tripura,2024,Utilization_Percent,88.53,Synthetic data for visualization practice
Uttar Pradesh,2024,Beneficiaries_Lakh,18.45,Synthetic data for visualization practice
Uttar Pradesh,2024,Foodgrain_Allocation_Lakh_Tonnes,9.67,Synthetic data for visualization practice
Uttar Pradesh,2024,Foodgrain_Distribution_Lakh_Tonnes,8.24,Synthetic data for visualization practice
Uttar Pradesh,2024,Coverage_Percent,75.03,Synthetic data for visualization practice
Uttar Pradesh,2024,Utilization_Percent,85.24,Synthetic data for visualization practice
Uttarakhand,2024,Beneficiaries_Lakh,30.35,Synthetic data for visualization practice
Uttarakhand,2024,Foodgrain_Allocation_Lakh_Tonnes,14.58,Synthetic data for visualization practice
Uttarakhand,2024,Foodgrain_Distribution_Lakh_Tonnes,11.83,Synthetic data for visualization practice
Uttarakhand,2024,Coverage_Percent,82.44,Synthetic data for visualization practice
Uttarakhand,2024,Utilization_Percent,81.12,Synthetic data for visualization practice
West Bengal,2024,Beneficiaries_Lakh,25.5,Synthetic data for visualization practice
West Bengal,2024,Foodgrain_Allocation_Lakh_Tonnes,12.09,Synthetic data for visualization practice
West Bengal,2024,Foodgrain_Distribution_Lakh_Tonnes,9.34,Synthetic data for visualization practice
West Bengal,2024,Coverage_Percent,86.78,Synthetic data for visualization practice
West Bengal,2024,Utilization_Percent,77.22,Synthetic data for visualization practice
Delhi,2024,Beneficiaries_Lakh,5.89,Synthetic data for visualization practice
Delhi,2024,Foodgrain_Allocation_Lakh_Tonnes,2.89,Synthetic data for visualization practice
Delhi,2024,Foodgrain_Distribution_Lakh_Tonnes,2.49,Synthetic data for visualization practice
Delhi,2024,Coverage_Percent,90.07,Synthetic data for visualization practice
Delhi,2024,Utilization_Percent,86.06,Synthetic data for visualization practice
Jammu and Kashmir,2024,Beneficiaries_Lakh,11.39,Synthetic data for visualization practice
Jammu and Kashmir,2024,Foodgrain_Allocation_Lakh_Tonnes,5.71,Synthetic data for visualization practice
Jammu and Kashmir,2024,Foodgrain_Distribution_Lakh_Tonnes,5.13,Synthetic data for visualization practice
Jammu and Kashmir,2024,Coverage_Percent,69.53,Synthetic data for visualization practice
Jammu and Kashmir,2024,Utilization_Percent,89.98,Synthetic data for visualization practice
